[{"title":null,"subtitle":"Servicios Generales","ranges":[null],"measures":[null],"markers":[null]},{"title":null,"subtitle":"Servicios profesionales, cient\u00edficos, t\u00e9cnicos y otros servicios","ranges":[null],"measures":[null],"markers":[null]},{"title":"33605","subtitle":"Informaci\u00f3n en medios masivos derivada de la operaci\u00f3n y administraci\u00f3n de las dependencias y entidades","ranges":[null],"measures":[null],"markers":[null]},{"title":null,"subtitle":"Servicios de comunicaci\u00f3n\u00a0social y publicidad","ranges":[null],"measures":[null],"markers":[null]},{"title":"361","subtitle":"Difusi\u00f3n por radio, televisi\u00f3n y otros medios de mensajes sobre programas y actividades gubernamentales","ranges":[null],"measures":[null],"markers":[null]},{"title":"362","subtitle":"Difusi\u00f3n por radio, televisi\u00f3n y otros medios de mensajes comerciales para promover la venta de bienes o servicios","ranges":["1000.00"],"measures":["1025.00"],"markers":["25.00"]},{"title":"363","subtitle":"Servicios de creatividad, preproducci\u00f3n y producci\u00f3n de publicidad, excepto internet","ranges":[null],"measures":[null],"markers":[null]},{"title":"364","subtitle":"Servicios de revelado de fotograf\u00edas","ranges":[null],"measures":[null],"markers":[null]},{"title":"365","subtitle":"Servicios de la industria f\u00edlmica, del sonido y del video","ranges":[null],"measures":[null],"markers":[null]},{"title":"366","subtitle":"Servicio de creaci\u00f3n y difusi\u00f3n de contenido exclusivamente a trav\u00e9s de internet","ranges":[null],"measures":[null],"markers":[null]},{"title":"369","subtitle":"Otros servicios de informaci\u00f3n","ranges":[null],"measures":[null],"markers":[null]}]