ejercicio,resource_type,poverty_level,grade_level,total_donations,funding_status,date_posted,modificacion,ejercido
2014,Radio,Publicidad Turismo,362,308,Campaña,3/8/2007,14.476,160.16
2014,Cine,Publicidad Turismo,362,329,Campaña,11/11/2002,8.883,177.66
2014,Internet,Publicidad Turismo,362,319,Campaña,11/11/2002,10.527,299.86
2014,Radio,Publicidad Turismo,362,382,Campaña,11/11/2002,33.998,290.32
2014,Radio,Publicidad Turismo,362,327,Campaña,11/11/2002,28.122,186.39
2014,Radio,Publicidad Turismo,362,388.39,Campaña,11/11/2002,14.75882,357.3188
