/*!40101 SET @OLD_CHARACTER_SET_CLIENT=@@CHARACTER_SET_CLIENT */;
/*!40101 SET NAMES utf8mb4 */;
/*!40014 SET @OLD_FOREIGN_KEY_CHECKS=@@FOREIGN_KEY_CHECKS, FOREIGN_KEY_CHECKS=0 */;
/*!40101 SET @OLD_SQL_MODE=@@SQL_MODE, SQL_MODE='NO_AUTO_VALUE_ON_ZERO' */;
-- Volcando datos para la tabla rusiainf_inai.cat_campana_ambito_geo: ~4 rows (aproximadamente)
/*!40000 ALTER TABLE `cat_campana_ambito_geo` DISABLE KEYS */;
INSERT INTO `cat_campana_ambito_geo` (`id_campana_ambito_geo`, `nombre_campana_ambito_geo`, `active`) VALUES
	(1, 'Nacional', 1),
	(2, 'Estatal', 1),
	(3, 'Municipal', 1),
	(4, 'Municipio de Naucalpan', 2);
/*!40000 ALTER TABLE `cat_campana_ambito_geo` ENABLE KEYS */;

-- Volcando datos para la tabla rusiainf_inai.cat_campana_coberturas: ~4 rows (aproximadamente)
/*!40000 ALTER TABLE `cat_campana_coberturas` DISABLE KEYS */;
INSERT INTO `cat_campana_coberturas` (`id_campana_cobertura`, `nombre_campana_cobertura`, `active`) VALUES
	(1, 'Municipal', 1),
	(2, 'Estatal', 1),
	(3, 'Nacional', 1),
	(4, 'Internacional', 1);
/*!40000 ALTER TABLE `cat_campana_coberturas` ENABLE KEYS */;

-- Volcando datos para la tabla rusiainf_inai.cat_campana_estatus: ~2 rows (aproximadamente)
/*!40000 ALTER TABLE `cat_campana_estatus` DISABLE KEYS */;
INSERT INTO `cat_campana_estatus` (`id_campana_estatus`, `nombre_campana_estatus`, `active`) VALUES
	(1, 'En proceso', 1),
	(2, 'Concluida', 1);
/*!40000 ALTER TABLE `cat_campana_estatus` ENABLE KEYS */;

-- Volcando datos para la tabla rusiainf_inai.cat_campana_objetivos: ~4 rows (aproximadamente)
/*!40000 ALTER TABLE `cat_campana_objetivos` DISABLE KEYS */;
INSERT INTO `cat_campana_objetivos` (`id_campana_objetivo`, `campana_objetivo`, `active`) VALUES
	(1, 'Garantizar el óptimo cumplimiento de los derechos de acceso a la información pública y la protección de datos personales', 1),
	(2, 'Promover el pleno ejercicio de los derechos de acceso a la información pública y de protección de datos personales', 1),
	(3, 'Coordinar el Sistema Nacional de Transparencia y de Protecciónn de Datos Personales, para que los órganos garantes establezcan, apliquen y evalúen acciones de acceso a la información pública y de protección y debido tratamiento de datos personales', 1),
	(4, 'Impulsar el desempeño organizacional y promover un modelo institucional de servicio público orientado a resultados con un enfoque de derechos humanos y perspectiva de género', 1);
/*!40000 ALTER TABLE `cat_campana_objetivos` ENABLE KEYS */;

-- Volcando datos para la tabla rusiainf_inai.cat_campana_subtipos: ~12 rows (aproximadamente)
/*!40000 ALTER TABLE `cat_campana_subtipos` DISABLE KEYS */;
INSERT INTO `cat_campana_subtipos` (`id_campana_subtipo`, `id_campana_tipo`, `nombre_campana_subtipo`, `active`) VALUES
	(1, 1, 'Avisos', 1),
	(2, 1, 'Precisiones', 1),
	(3, 1, 'Convocatorias', 1),
	(4, 1, 'Edictos', 1),
	(5, 1, 'Bases', 1),
	(6, 1, 'Licitaciones', 1),
	(7, 1, 'Padrones de beneficiarios', 1),
	(8, 1, 'Concursos', 1),
	(9, 1, 'Aclaraciones', 1),
	(10, 1, 'Otros', 1),
	(11, 2, 'Campaña de comunicación social', 1),
	(12, 2, 'Campaña de promoción y publicidad', 1);
/*!40000 ALTER TABLE `cat_campana_subtipos` ENABLE KEYS */;

-- Volcando datos para la tabla rusiainf_inai.cat_campana_temas: ~34 rows (aproximadamente)
/*!40000 ALTER TABLE `cat_campana_temas` DISABLE KEYS */;
INSERT INTO `cat_campana_temas` (`id_campana_tema`, `nombre_campana_tema`, `active`) VALUES
	(1, 'Salud', 1),
	(2, 'Educación', 1),
	(3, 'Deportes', 1),
	(4, 'Turismo', 1),
	(5, 'Economía y negocios', 1),
	(6, 'Agricultura, ganadería, desarrollo rural, pesca y alimentación', 1),
	(7, 'Trabajo y Previsión Social', 1),
	(8, 'Relaciones Exteriores', 1),
	(9, 'Energía e Hidrocarburos', 1),
	(10, 'Desarrollo Político, Leyes Constitucionales', 1),
	(11, 'Marina', 1),
	(12, 'Finanzas públicas', 1),
	(13, 'Seguridad nacional', 1),
	(14, 'Cultura y artes', 1),
	(15, 'Entretenimiento y actividades recreativas', 1),
	(16, 'Ciencia y tecnología', 1),
	(17, 'Obras públicas', 1),
	(18, 'Protección civil, emergencias y desastres naturales', 1),
	(19, 'Vialidad y transporte', 1),
	(20, 'Seguridad pública y justicia', 1),
	(21, 'Informes de gobierno', 1),
	(22, 'Civismo y legalidad', 1),
	(23, 'Desarrollo social y humano', 1),
	(24, 'Trámites y servicios', 1),
	(25, 'Derechos humanos', 1),
	(26, 'Derechos de los niños', 1),
	(27, 'Equidad de género', 1),
	(28, 'Pueblos indígenas', 1),
	(29, 'Ecología y medio ambiente', 1),
	(30, 'Acceso a la información, transparencia y rendición de cuentas', 1),
	(31, 'Protección de datos personales', 1),
	(32, 'Participación ciudadana', 1),
	(33, 'Felicitaciones, esquelas y condolencias', 1),
	(34, 'Otro', 1);
/*!40000 ALTER TABLE `cat_campana_temas` ENABLE KEYS */;

-- Volcando datos para la tabla rusiainf_inai.cat_campana_tipos: ~2 rows (aproximadamente)
/*!40000 ALTER TABLE `cat_campana_tipos` DISABLE KEYS */;
INSERT INTO `cat_campana_tipos` (`id_campana_tipo`, `nombre_campana_tipo`, `active`) VALUES
	(1, 'Avisos Institucionales', 1),
	(2, 'Campañas', 1);
/*!40000 ALTER TABLE `cat_campana_tipos` ENABLE KEYS */;

-- Volcando datos para la tabla rusiainf_inai.cat_ejercicios: ~3 rows (aproximadamente)
/*!40000 ALTER TABLE `cat_ejercicios` DISABLE KEYS */;
INSERT INTO `cat_ejercicios` (`id_ejercicio`, `ejercicio`, `active`) VALUES
	(1, '2015', 1),
	(2, '2016', 2),
	(3, '2017', 2);
/*!40000 ALTER TABLE `cat_ejercicios` ENABLE KEYS */;

-- Volcando datos para la tabla rusiainf_inai.cat_meses: ~12 rows (aproximadamente)
/*!40000 ALTER TABLE `cat_meses` DISABLE KEYS */;
INSERT INTO `cat_meses` (`id_mes`, `mes`, `mes_corto`, `mes_orden`, `active`) VALUES
	(1, 'Enero', 'ENE', 1, 1),
	(2, 'Febrero', 'FEB', 2, 1),
	(3, 'Marzo', 'MAR', 3, 1),
	(4, 'Abril', 'ABR', 4, 1),
	(5, 'Mayo', 'MAY', 5, 1),
	(6, 'Junio', 'JUN', 6, 1),
	(7, 'Julio', 'JUL', 7, 1),
	(8, 'Agosto', 'AGO', 8, 1),
	(9, 'Septiembre', 'SEP', 9, 1),
	(10, 'Octubre', 'OCT', 10, 1),
	(11, 'Noviembre', 'NOV', 11, 1),
	(12, 'Diciembre', 'DIC', 12, 1);
/*!40000 ALTER TABLE `cat_meses` ENABLE KEYS */;

-- Volcando datos para la tabla rusiainf_inai.cat_personalidad_juridica: ~2 rows (aproximadamente)
/*!40000 ALTER TABLE `cat_personalidad_juridica` DISABLE KEYS */;
INSERT INTO `cat_personalidad_juridica` (`id_personalidad_juridica`, `nombre_personalidad_juridica`, `active`) VALUES
	(1, 'Persona física', 1),
	(2, 'Persona moral', 1);
/*!40000 ALTER TABLE `cat_personalidad_juridica` ENABLE KEYS */;

-- Volcando datos para la tabla rusiainf_inai.cat_poblacion_grupo_edad: ~4 rows (aproximadamente)
/*!40000 ALTER TABLE `cat_poblacion_grupo_edad` DISABLE KEYS */;
INSERT INTO `cat_poblacion_grupo_edad` (`id_poblacion_grupo_edad`, `nombre_poblacion_grupo_edad`, `active`) VALUES
	(1, '18-35', 1),
	(2, '36-60', 1),
	(3, '60 en adelante', 1),
	(4, '13 - 65', 1);
/*!40000 ALTER TABLE `cat_poblacion_grupo_edad` ENABLE KEYS */;

-- Volcando datos para la tabla rusiainf_inai.cat_poblacion_lugar: ~2 rows (aproximadamente)
/*!40000 ALTER TABLE `cat_poblacion_lugar` DISABLE KEYS */;
INSERT INTO `cat_poblacion_lugar` (`id_poblacion_lugar`, `nombre_poblacion_lugar`, `active`) VALUES
	(1, 'Nacional', 1),
	(2, 'DF', 1);
/*!40000 ALTER TABLE `cat_poblacion_lugar` ENABLE KEYS */;

-- Volcando datos para la tabla rusiainf_inai.cat_poblacion_nivel: ~6 rows (aproximadamente)
/*!40000 ALTER TABLE `cat_poblacion_nivel` DISABLE KEYS */;
INSERT INTO `cat_poblacion_nivel` (`id_poblacion_nivel`, `nombre_poblacion_nivel`, `active`) VALUES
	(1, 'AB Alta', 1),
	(2, 'C+ Media Alta', 1),
	(3, 'C Media', 1),
	(4, 'D+ Media Baja', 1),
	(5, 'D Baja', 1),
	(6, 'E Marginada', 1);
/*!40000 ALTER TABLE `cat_poblacion_nivel` ENABLE KEYS */;

-- Volcando datos para la tabla rusiainf_inai.cat_poblacion_nivel_educativo: ~7 rows (aproximadamente)
/*!40000 ALTER TABLE `cat_poblacion_nivel_educativo` DISABLE KEYS */;
INSERT INTO `cat_poblacion_nivel_educativo` (`id_poblacion_nivel_educativo`, `nombre_poblacion_nivel_educativo`, `active`) VALUES
	(1, 'Doctorado', 1),
	(2, 'Maestria', 1),
	(3, 'Superior', 1),
	(4, 'Media Superior', 1),
	(5, 'Secundaria', 1),
	(6, 'Primaria', 1),
	(7, 'Sin educación', 1);
/*!40000 ALTER TABLE `cat_poblacion_nivel_educativo` ENABLE KEYS */;

-- Volcando datos para la tabla rusiainf_inai.cat_poblacion_sexo: ~3 rows (aproximadamente)
/*!40000 ALTER TABLE `cat_poblacion_sexo` DISABLE KEYS */;
INSERT INTO `cat_poblacion_sexo` (`id_poblacion_sexo`, `nombre_poblacion_sexo`, `active`) VALUES
	(1, 'Masculino', 1),
	(2, 'Femenino', 1),
	(3, 'Ambos', 1);
/*!40000 ALTER TABLE `cat_poblacion_sexo` ENABLE KEYS */;

-- Volcando datos para la tabla rusiainf_inai.cat_presupuesto_conceptos: ~15 rows (aproximadamente)
/*!40000 ALTER TABLE `cat_presupuesto_conceptos` DISABLE KEYS */;
INSERT INTO `cat_presupuesto_conceptos` (`id_presupesto_concepto`, `capitulo`, `concepto`, `partida`, `denominacion`, `descripcion`, `id_captura`, `active`) VALUES
	(1, '3300', '', ' ', 'Servicios profesionales, científicos, técnicos y otros servicios', 'Asignaciones destinadas a cubrir erogaciones por contrataci&oacute;n de personas f&iacute;sicas y morales para la prestaci&oacute;n de servicios profesionales independientes, tales como inform&aacute;tico, de asesor&iacute;a, consultor&iacute;a, capacitaci&oacute;n, estudios e investigaciones, protecci&oacute;n y seguridad; incluye los servicios subrogados que se contraten; se excluyen los estudios de preinversi&oacute;n previstos en el cap&iacute;tulo de Inversi&oacute;n P&uacute;blica, as&iacute; como los honorarios asimilables a salarios.</p>', 1, 2),
	(2, '3300', '336', ' ', 'Servicios de apoyo administrativo, traducción, fotocopiado e impresión', '<p>Asignaciones destinadas a cubrir el costo de la contrataci&oacute;n de servicios de fotocopiado y preparaci&oacute;n de documentos; digitalizaci&oacute;n de documentos oficiales, fax, engargolado, enmicado, encuadernaci&oacute;n, corte de papel, recepci&oacute;n de correspondencia y otros afines. Incluye servicios de apoyo secretarial, servicios de estenograf&iacute;a en los tribunales, transcripci&oacute;n simult&aacute;nea de di&aacute;logos para la televisi&oacute;n, reuniones y conferencias; servicios comerciales no previstos en las dem&aacute;s partidas anteriores. Incluye servicios de impresi&oacute;n de documentos oficiales necesarios tales como: pasaportes, certificados especiales, t&iacute;tulos de cr&eacute;dito, formas fiscales y formas valoradas, y dem&aacute;s documentos para la identificaci&oacute;n, tr&aacute;mites oficiales y servicios a la poblaci&oacute;n; servicios de impresi&oacute;n y elaboraci&oacute;n de material informativo, tales como: padrones de beneficiarios, reglas de operaci&oacute;n, programas sectoriales, regionales, especiales; informes de labores, manuales de organizaci&oacute;n, de procedimientos y de servicios al p&uacute;blico; decretos, convenios, acuerdos, instructivos, proyectos editoriales (libros, revistas y gacetas peri&oacute;dicas), folletos, tr&iacute;pticos, d&iacute;pticos, carteles, mantas, r&oacute;tulos, y dem&aacute;s servicios de impresi&oacute;n y elaboraci&oacute;n de material informativo. Incluye gastos como: avisos, precisiones, convocatorias, edictos, bases, licitaciones, diario oficial, concursos y aclaraciones, y dem&aacute;s informaci&oacute;n en medios masivos. Excluye las inserciones derivadas de campa&ntilde;as publicitarias y de comunicaci&oacute;n social, las cuales se deber&aacute;n registrar en las partidas correspondientes al concepto 3600 Servicios de Comunicaci&oacute;n Social y Publicidad.</p>', 1, 2),
	(3, '3300', '336', '33604', 'Impresión y elaboración de material informativo derivado de la operación y administración de las dependencias y entidades', '<p>Asignaciones destinadas a cubrir el costo de los servicios de impresi&oacute;n y elaboraci&oacute;n de material informativo, tales como: padrones de beneficiarios, reglas de operaci&oacute;n, programas sectoriales, regionales, especiales; informes de labores, manuales de organizaci&oacute;n, de procedimientos y de servicios al p&uacute;blico; decretos, convenios, acuerdos, instructivos, proyectos editoriales (libros, revistas y gacetas peri&oacute;dicas), folletos, tr&iacute;pticos, d&iacute;pticos, carteles, mantas, r&oacute;tulos, y dem&aacute;s servicios de impresi&oacute;n y elaboraci&oacute;n de material informativo que forma parte de los instrumentos de apoyo para la realizaci&oacute;n de los programas presupuestarios de las dependencias y entidades, distintos de los servicios de comunicaci&oacute;n social y publicidad.</p>', 1, 1),
	(4, '3300', '336', '33605', 'Información en medios masivos derivada de la operación y administración de las dependencias y entidades', '<p>Asignaciones destinadas a cubrir los gastos de difusi&oacute;n, en medios impresos y/o complementarios, de informaci&oacute;n, incluyendo aquellas que se realicen en cumplimiento de disposiciones jur&iacute;dicas, como: avisos, precisiones, convocatorias, edictos, bases, licitaciones, padrones de beneficiarios, reglas de operaci&oacute;n, diario oficial, concursos y aclaraciones, y dem&aacute;s informaci&oacute;n en medios masivos, distinta de las inserciones derivadas de campa&ntilde;as publicitarias y de comunicaci&oacute;n social, las cuales se deber&aacute;n registrar en la partida que corresponda del concepto 3600 Servicios de comunicaci&oacute;n social y publicidad.</p>', 1, 1),
	(5, '3600', ' ', ' ', 'Servicios de comunicación social y publicidad', '<p>Asignaciones destinadas a cubrir los gastos de realizaci&oacute;n y difusi&oacute;n de mensajes y campa&ntilde;as para informar a la poblaci&oacute;n sobre los programas, servicios p&uacute;blicos y el quehacer gubernamental en general; as&iacute; como la publicidad comercial de los productos y servicios que generan ingresos para los entes p&uacute;blicos. Incluye la contrataci&oacute;n de servicios de impresi&oacute;n y publicaci&oacute;n de informaci&oacute;n.</p>', 1, 1),
	(6, '3600', '361', '', 'Difusión por radio, televisión y otros medios de mensajes sobre programas y actividades gubernamentales', '<p>Asignaciones destinadas a cubrir el costo de difusi&oacute;n del quehacer gubernamental y de los bienes y servicios p&uacute;blicos que prestan los entes p&uacute;blicos, la publicaci&oacute;n y difusi&oacute;n masiva de las mismas a un p&uacute;blico objetivo determinado a trav&eacute;s de televisi&oacute;n abierta y restringida, radio, cine, prensa, encartes, espectaculares, mobiliario urbano, tarjetas telef&oacute;nicas, medios electr&oacute;nicos e impresos internacionales, folletos, tr&iacute;pticos, d&iacute;pticos, carteles, mantas, r&oacute;tulos, producto integrado y otros medios complementarios; estudios para medir la pertinencia y efectividad de las campa&ntilde;as, as&iacute; como los gastos derivados de la contrataci&oacute;n de personas f&iacute;sicas y/o morales que presten servicios afines para la elaboraci&oacute;n, difusi&oacute;n y evaluaci&oacute;n de dichas campa&ntilde;as.</p>', 1, 1),
	(7, '3600', '361', '36101', 'Difusión de mensajes sobre programas y actividades gubernamentales', '<p>Asignaciones destinadas a cubrir el costo de difusi&oacute;n del quehacer gubernamental y de los bienes y servicios p&uacute;blicos que prestan las dependencias o entidades. Incluye el dise&ntilde;o y conceptualizaci&oacute;n de campa&ntilde;as de comunicaci&oacute;n, preproducci&oacute;n, producci&oacute;n, postproducci&oacute;n y copiado; la publicaci&oacute;n y difusi&oacute;n masiva de las mismas a un p&uacute;blico objetivo determinado a trav&eacute;s de televisi&oacute;n abierta y restringida, radio, cine, prensa, encartes, espectaculares, mobiliario urbano, tarjetas telef&oacute;nicas, Internet, medios electr&oacute;nicos e impresos internacionales, folletos, tr&iacute;pticos, d&iacute;pticos, carteles, mantas, r&oacute;tulos, producto integrado y otros medios complementarios; estudios para medir la pertinencia y efectividad de las campa&ntilde;as, as&iacute; como los gastos derivados de la contrataci&oacute;n de personas f&iacute;sicas y/o morales que presten servicios afines para la elaboraci&oacute;n, difusi&oacute;n y evaluaci&oacute;n de dichas campa&ntilde;as.</p>', 1, 1),
	(8, '3600', '362', '', 'Difusión por radio, televisión y otros medios de mensajes comerciales para promover la venta de bienes o servicios', '<p>Asignaciones destinadas a cubrir el costo de la publicidad derivada de la comercializaci&oacute;n de los productos o servicios de los entes p&uacute;blicos que generan un ingreso para el Estado. Incluye el dise&ntilde;o y conceptualizaci&oacute;n de campa&ntilde;as publicitarias; preproducci&oacute;n, producci&oacute;n, postproducci&oacute;n y copiado; publicaci&oacute;n y difusi&oacute;n masiva de las mismas a un p&uacute;blico objetivo determinado a trav&eacute;s de televisi&oacute;n abierta y restringida, radio, cine, prensa, encartes, espectaculares, mobiliario urbano, tarjetas telef&oacute;nicas, Internet, medios electr&oacute;nicos e impresos internacionales, folletos, tr&iacute;pticos, d&iacute;pticos, carteles, mantas, r&oacute;tulos, producto integrado, puntos de venta, art&iacute;culos promocionales, servicios integrales de promoci&oacute;n y otros medios complementarios, estudios para medir la pertinencia y efectividad de campa&ntilde;as; as&iacute; como los gastos derivados de la contrataci&oacute;n de personas f&iacute;sicas y/o morales que presenten servicios afines para la elaboraci&oacute;n, difusi&oacute;n y evaluaci&oacute;n de dichas campa&ntilde;as publicitarias. Excluye los gastos de difusi&oacute;n de mensajes que no comercializan productos o servicios.</p>', 1, 1),
	(9, '3600', '362', '36201', 'Difusión de mensajes comerciales para promover la venta de productos o servicios', '<p>Asignaciones destinadas a cubrir el costo de la publicidad derivada de la comercializaci&oacute;n de los productos o servicios de las entidades que generan un ingreso para el Estado. Incluye el dise&ntilde;o y conceptualizaci&oacute;n de campa&ntilde;as publicitarias; preproducci&oacute;n, producci&oacute;n, postproducci&oacute;n y copiado; publicaci&oacute;n y difusi&oacute;n masiva de las mismas a un p&uacute;blico objetivo determinado a trav&eacute;s de televisi&oacute;n abierta y restringida, radio, cine, prensa, encartes, espectaculares, mobiliario urbano, tarjetas telef&oacute;nicas, Internet, medios electr&oacute;nicos e impresos internacionales, folletos, tr&iacute;pticos, d&iacute;pticos, carteles, mantas, r&oacute;tulos, producto integrado, puntos de venta, art&iacute;culos promocionales, servicios integrales de promoci&oacute;n y otros medios complementarios, estudios para medir la pertinencia y efectividad de campa&ntilde;as; as&iacute; como los gastos derivados de la contrataci&oacute;n de personas f&iacute;sicas y/o morales que presenten servicios afines para la elaboraci&oacute;n, difusi&oacute;n y evaluaci&oacute;n de dichas campa&ntilde;as publicitarias. Excluye los gastos de difusi&oacute;n de mensajes que no comercializan productos o servicios, los cuales deben registrarse en la partida 36101 Difusi&oacute;n de mensajes sobre programas y actividades gubernamentales.</p>', 1, 1),
	(10, '3600', '363', '', 'Servicios de creatividad, preproducción y producción de publicidad, excepto internet', '<p>Asignaciones destinadas a cubrir los gastos por dise&ntilde;o y conceptualizaci&oacute;n de campa&ntilde;as de comunicaci&oacute;n, preproducci&oacute;n, producci&oacute;n y copiado.</p>', 1, 1),
	(11, '3600', '364', '', 'Servicios de revelado de fotografías', '<p>Asignaciones destinadas a cubrir gastos por concepto de revelado o impresi&oacute;n de fotograf&iacute;as</p>', 1, 1),
	(12, '3600', '365', '', 'Servicios de la industria fílmica, del sonido y del video', '<p>Asignaciones destinadas a cubrir el costo por postproducci&oacute;n (doblaje, titulaje, subtitulaje, efectos visuales, animaci&oacute;n, edici&oacute;n, conversi&oacute;n de formato, copiado de videos, entre otros) y otros servicios para la industria f&iacute;lmica y del video (crestomat&iacute;a y servicios prestados por laboratorios f&iacute;lmicos).</p>', 1, 1),
	(13, '3600', '366', '', 'Servicio de creación y difusión de contenido exclusivamente a través de internet', '<p>Asignaciones destinadas a cubrir el gasto por creaci&oacute;n, difusi&oacute;n y transmisi&oacute;n de contenido de inter&eacute;s general o espec&iacute;fico a trav&eacute;s de internet exclusivamente</p>', 1, 1),
	(14, '3600', '369', '', 'Otros servicios de información', '<p>Asignaciones destinadas a cubrir el costo de la contrataci&oacute;n de servicios profesionales con personas f&iacute;sicas o morales, por concepto de monitoreo de informaci&oacute;n en medios masivos de comunicaci&oacute;n, de las actividades de los entes p&uacute;blicos, que no se encuentren comprendidas en las dem&aacute;s partidas de este Cap&iacute;tulo.</p>', 1, 1),
	(15, '3600', '369', '36901', 'Servicios relacionados con monitoreo de información en medios masivos', '<p>Asignaciones destinadas a cubrir el costo de la contrataci&oacute;n de servicios profesionales con personas f&iacute;sicas o morales, por concepto de monitoreo de informaci&oacute;n en medios masivos de comunicaci&oacute;n, de las actividades de las dependencias y entidades, que no se encuentren comprendidas en las dem&aacute;s partidas de este Cap&iacute;tulo.</p>', 1, 1);
/*!40000 ALTER TABLE `cat_presupuesto_conceptos` ENABLE KEYS */;

-- Volcando datos para la tabla rusiainf_inai.cat_procedimientos: ~3 rows (aproximadamente)
/*!40000 ALTER TABLE `cat_procedimientos` DISABLE KEYS */;
INSERT INTO `cat_procedimientos` (`id_procedimiento`, `nombre_procedimiento`, `active`) VALUES
	(1, 'Licitación pública', 1),
	(2, 'Adjudicación directa', 1),
	(3, 'Invitación a cuando menos tres proveedores (restringida)', 1);
/*!40000 ALTER TABLE `cat_procedimientos` ENABLE KEYS */;

-- Volcando datos para la tabla rusiainf_inai.cat_servicios_categorias: ~10 rows (aproximadamente)
/*!40000 ALTER TABLE `cat_servicios_categorias` DISABLE KEYS */;
INSERT INTO `cat_servicios_categorias` (`id_servicio_categoria`, `id_servicio_clasificacion`, `nombre_servicio_categoria`, `titulo_grafica`, `color_grafica`, `active`) VALUES
	(1, 1, 'Radio', 'Radio', '#004858', 1),
	(2, 1, 'Televisión', 'TV', '#699DB3', 1),
	(3, 1, 'Cine', 'Cine', '#756EA0', 1),
	(4, 1, 'Medios impresos', 'Medios', '#13B6E3', 1),
	(5, 1, 'Medios complementarios', 'Complementarios', '#1287C1', 1),
	(6, 1, 'Internet', 'Internet', '#81CEF3', 1),
	(7, 2, 'Producción de contenidos', 'Contenidos', '#08AFBC', 1),
	(8, 2, 'Análisis, estudios y métricas', 'Estudios', '#BBE4E7', 1),
	(9, 2, 'Impresiones', 'Impresiones', '#51B27C', 1),
	(10, 2, 'Streaming', 'Streaming', '#A2CCAE', 1);
/*!40000 ALTER TABLE `cat_servicios_categorias` ENABLE KEYS */;

-- Volcando datos para la tabla rusiainf_inai.cat_servicios_clasificacion: ~2 rows (aproximadamente)
/*!40000 ALTER TABLE `cat_servicios_clasificacion` DISABLE KEYS */;
INSERT INTO `cat_servicios_clasificacion` (`id_servicio_clasificacion`, `nombre_servicio_clasificacion`, `active`) VALUES
	(1, 'Servicios de difusión en medios de comunicación', 1),
	(2, 'Otros servicios asociados a la comunicación ', 1);
/*!40000 ALTER TABLE `cat_servicios_clasificacion` ENABLE KEYS */;

-- Volcando datos para la tabla rusiainf_inai.cat_servicios_subcategorias: ~68 rows (aproximadamente)
/*!40000 ALTER TABLE `cat_servicios_subcategorias` DISABLE KEYS */;
INSERT INTO `cat_servicios_subcategorias` (`id_servicio_subcategoria`, `id_servicio_categoria`, `nombre_servicio_subcategoria`, `active`) VALUES
	(1, 3, 'Cine', 1),
	(2, 6, 'Medios Digitales', 1),
	(3, 6, 'Otro tipo de difusión por Internet', 1),
	(4, 6, 'Redes sociales y buscadores', 1),
	(5, 5, 'Artículos promocionales', 1),
	(6, 5, 'Cenefas', 1),
	(7, 5, 'Dovelas', 1),
	(8, 5, 'Mobiliario urbano', 1),
	(9, 5, 'Muros o bardas', 1),
	(10, 5, 'Otros medios complementarios', 1),
	(11, 5, 'Muros o Bardas', 2),
	(12, 5, 'Otros Medios Complementarios', 2),
	(13, 5, 'Parabuses', 1),
	(14, 5, 'Publicidad móvil', 1),
	(15, 5, 'Rótulos o anuncios exteriores', 1),
	(16, 5, 'Tarjetas telefónicas', 1),
	(17, 5, 'Vallas', 1),
	(18, 5, 'Videobus', 1),
	(19, 4, 'Diarios Editados en el D.F.', 1),
	(20, 4, 'Diarios Editados en los Estados', 1),
	(21, 4, 'Encartes', 1),
	(22, 4, 'Medios Impresos Internacionales', 1),
	(23, 4, 'Otros medios impresos', 1),
	(24, 4, 'Revistas', 1),
	(25, 4, 'Suplementos', 1),
	(26, 1, 'Cadenas radiofónicas', 1),
	(27, 1, 'Radiodifusoras comunitarias e indígenas', 1),
	(28, 1, 'Radiodifusoras internacionales', 1),
	(29, 1, 'Radiodifusoras locales', 1),
	(30, 2, 'Publicidad virtual', 1),
	(31, 2, 'Televisión abierta local', 1),
	(32, 2, 'Televisión abierta nacional', 1),
	(33, 2, 'Televisión internacional', 1),
	(34, 2, 'Televisión restringida', 1),
	(35, 5, 'Parabuses', 2),
	(36, 5, 'Publicidad Móvil', 2),
	(37, 5, 'Rótulos o anuncios exteriores', 2),
	(38, 5, 'Tarjetas telefónicas', 2),
	(39, 5, 'Vallas', 2),
	(40, 5, 'Videobus', 2),
	(41, 4, 'Diarios Editados en el D.F.', 2),
	(42, 4, 'Diarios Editados en los Estados', 2),
	(43, 4, 'Encartes', 2),
	(44, 4, 'Medios Impresos Internacionales', 2),
	(45, 4, 'Otros Medios Impresos', 2),
	(46, 4, 'Revistas', 2),
	(47, 4, 'Suplementos', 2),
	(48, 1, 'Cadenas radiofónicas', 2),
	(49, 1, 'Radiodifusoras comunitarias e indígenas', 2),
	(50, 1, 'Radiodifusoras internacionales', 2),
	(51, 1, 'Radiodifusoras locales', 2),
	(52, 2, 'Publicidad virtual', 2),
	(53, 2, 'Televisión abierta local', 2),
	(54, 2, 'Televisión abierta nacional', 2),
	(55, 2, 'Televisión internacional', 2),
	(56, 8, 'Estudios (Pre-Campaña, Post-Campaña)', 1),
	(57, 8, 'Plan de medios', 1),
	(58, 9, 'Carteles o Pósters', 1),
	(59, 9, 'Folletos, Dípticos o Trípticos', 1),
	(60, 9, 'Mantas o Lonas', 1),
	(61, 9, 'Otro tipo de materiales impresos', 1),
	(62, 7, 'Copiado', 1),
	(63, 7, 'Diseño y servicios publicitarios', 1),
	(64, 7, 'Otro tipo de servicio de producción', 1),
	(65, 7, 'Post-Producción', 1),
	(66, 7, 'Producción', 1),
	(67, 5, 'Espectaculares', 1),
	(68, 10, 'Streaming', 1);
/*!40000 ALTER TABLE `cat_servicios_subcategorias` ENABLE KEYS */;

-- Volcando datos para la tabla rusiainf_inai.cat_servicios_unidades: ~169 rows (aproximadamente)
/*!40000 ALTER TABLE `cat_servicios_unidades` DISABLE KEYS */;
INSERT INTO `cat_servicios_unidades` (`id_servicio_unidad`, `id_servicio_subcategoria`, `nombre_servicio_unidad`, `active`) VALUES
	(1, 1, 'Cine minutos', 1),
	(2, 1, 'Otro formato', 1),
	(3, 2, 'Banner', 1),
	(4, 2, 'Otro formato', 1),
	(5, 3, 'Unidad aplicable', 1),
	(6, 4, 'Anuncio de video en YouTube;  Página', 1),
	(7, 4, 'Contenido o publicación difundida en Facebook', 1),
	(8, 4, 'Cuenta o tuit promovido en Twitter', 1),
	(9, 4, 'Anuncios de imagen', 1),
	(10, 4, 'Video o carrusel de imágenes en Instagram', 1),
	(11, 4, 'Actualización de contenido promocionada en LinkedIn', 1),
	(12, 4, 'Contenido promovido en Adwords de Google', 1),
	(13, 4, 'Contenido promovido en Anuncios de Bing', 1),
	(14, 4, 'Otro', 1),
	(15, 5, 'Pieza', 1),
	(16, 67, 'Otro formato', 1),
	(17, 6, 'Cartelera doble', 1),
	(18, 6, 'Cartelera sencilla', 1),
	(19, 6, 'Otro formato', 1),
	(20, 7, 'Cartelera doble', 1),
	(21, 7, 'Cartelera sencilla', 1),
	(22, 7, 'Otro formato', 1),
	(23, 67, 'Cartelera doble', 1),
	(24, 67, 'Cartelera sencilla', 1),
	(25, 8, 'Cartelera doble', 1),
	(26, 8, 'Cartelera sencilla', 1),
	(27, 8, 'Otro formato', 1),
	(28, 9, 'Cartelera doble', 1),
	(29, 9, 'Cartelera sencilla', 1),
	(30, 9, 'Otro formato', 1),
	(31, 10, 'Unidades de producto', 1),
	(32, 10, 'Unidades de servicio', 1),
	(33, 10, 'Otro formato', 1),
	(34, 13, 'Cartelera doble', 1),
	(35, 13, 'Cartelera sencilla', 1),
	(36, 13, 'Otro formato', 1),
	(37, 14, 'Cartelera doble', 1),
	(38, 14, 'Cartelera sencilla', 1),
	(39, 14, 'Otro formato', 1),
	(40, 15, 'Cartelera doble', 1),
	(41, 16, 'Millar', 1),
	(42, 16, 'Otro formato', 1),
	(43, 16, 'Unidades de producto', 1),
	(44, 17, 'Cartelera doble', 1),
	(45, 17, 'Cartelera sencilla', 1),
	(46, 17, 'Otro formato', 1),
	(47, 18, 'Cartelera doble', 1),
	(48, 18, 'Cartelera sencilla', 1),
	(49, 18, 'Otro formato', 1),
	(50, 19, '1/2 plana', 1),
	(51, 19, '1/4 plana', 1),
	(52, 19, '1/8 plana', 1),
	(53, 19, 'Cintillo', 1),
	(54, 19, 'Plana', 1),
	(55, 19, 'Robaplana', 1),
	(56, 19, 'Otro formato', 1),
	(57, 20, '1/2 plana', 1),
	(58, 20, '1/4 plana', 1),
	(59, 20, '1/8 plana', 1),
	(60, 20, 'Cintillo', 1),
	(61, 20, 'Plana', 1),
	(62, 20, 'Robaplana', 1),
	(63, 20, 'Otro formato', 1),
	(64, 21, 'Unidades de servicio', 1),
	(65, 21, 'Otro formato', 1),
	(66, 22, '1/2 plana', 1),
	(67, 22, '1/4 plana', 1),
	(68, 22, '1/8 plana', 1),
	(69, 22, 'Cintillo', 1),
	(70, 22, 'Plana', 1),
	(71, 22, 'Robaplana', 1),
	(72, 22, 'Otro formato', 1),
	(73, 23, 'Unidad aplicable', 1),
	(74, 24, '1/2 plana', 1),
	(75, 24, '1/4 plana', 1),
	(76, 24, '1/8 plana', 1),
	(77, 24, '2a. Forros', 1),
	(78, 24, '3a. Forros', 1),
	(79, 24, '4a. Forros', 1),
	(80, 24, 'Cintillo', 1),
	(81, 24, 'Plana', 1),
	(82, 24, 'Robaplana', 1),
	(83, 24, 'Otro formato', 1),
	(84, 25, 'Unidades de servicio', 1),
	(85, 25, 'Otro formato', 1),
	(86, 26, 'Cápsula 1 min.', 1),
	(87, 26, 'Cápsula 5 min.', 1),
	(88, 26, 'Mención', 1),
	(89, 26, 'Otro formato', 1),
	(90, 26, 'Spot de 20 seg.', 1),
	(91, 26, 'Spot de 30 seg.', 1),
	(92, 27, 'Cápsula 1 min.', 1),
	(93, 27, 'Cápsula 5 min.', 1),
	(94, 27, 'Mención', 1),
	(95, 27, 'Otro formato', 1),
	(96, 27, 'Spot de 20 seg.', 1),
	(97, 27, 'Spot de 30 seg.', 1),
	(98, 28, 'Cápsula 1 min.', 1),
	(99, 28, 'Cápsula 5 min.', 1),
	(100, 28, 'Mención', 1),
	(101, 28, 'Otro formato', 1),
	(102, 28, 'Spot de 20 seg.', 1),
	(103, 28, 'Spot de 30 seg.', 1),
	(104, 29, 'Cápsula 1 min.', 1),
	(105, 29, 'Cápsula 5 min.', 1),
	(106, 29, 'Mención', 1),
	(107, 29, 'Otro formato', 1),
	(108, 29, 'Spot de 20 seg.', 1),
	(109, 29, 'Spot de 30 seg.', 1),
	(110, 30, 'Cápsula 1 min.', 1),
	(111, 30, 'Cápsula 5 min.', 1),
	(112, 30, 'Mención', 1),
	(113, 30, 'Otro formato', 1),
	(114, 30, 'Spot de 20 seg.', 1),
	(115, 30, 'Spot de 30 seg.', 1),
	(116, 31, 'Cápsula 1 min.', 1),
	(117, 31, 'Cápsula 5 min.', 1),
	(118, 31, 'Mención', 1),
	(119, 31, 'Otro formato', 1),
	(120, 31, 'Spot de 20 seg.', 1),
	(121, 31, 'Spot de 30 seg.', 1),
	(122, 32, 'Cápsula 1 min.', 1),
	(123, 32, 'Cápsula 5 min.', 1),
	(124, 32, 'Mención', 1),
	(125, 32, 'Otro formato', 1),
	(126, 32, 'Spot de 20 seg.', 1),
	(127, 32, 'Spot de 30 seg.', 1),
	(128, 33, 'Cápsula 1 min.', 1),
	(129, 33, 'Cápsula 5 min.', 1),
	(130, 33, 'Mención', 1),
	(131, 33, 'Otro formato', 1),
	(132, 33, 'Spot de 20 seg.', 1),
	(133, 33, 'Spot de 30 seg.', 1),
	(134, 34, 'Cápsula 1 min.', 1),
	(135, 34, 'Cápsula 5 min.', 1),
	(136, 34, 'Mención', 1),
	(137, 34, 'Otro formato', 1),
	(138, 34, 'Spot de 20 seg.', 1),
	(139, 34, 'Spot de 30 seg.', 1),
	(140, 56, 'Otro formato', 1),
	(141, 56, 'Unidades de producto', 1),
	(142, 56, 'Unidades de servicio', 1),
	(143, 57, 'Plan de medios', 1),
	(144, 58, 'Pieza', 1),
	(145, 59, 'Pieza', 1),
	(146, 60, 'Pieza', 1),
	(147, 61, 'Pieza', 1),
	(148, 62, 'Otro formato', 1),
	(149, 62, 'Unidades de producto', 1),
	(150, 62, 'Unidades de servicio', 1),
	(151, 63, 'Otro formato', 1),
	(152, 63, 'Prod. spot radio 20 seg', 1),
	(153, 63, 'Prod. spot radio 30 seg', 1),
	(154, 63, 'Prod. spot tv 20 seg.', 1),
	(155, 63, 'Prod. spot tv 30 seg', 1),
	(156, 64, 'Unidades de producto', 1),
	(157, 64, 'Unidades de servicio', 1),
	(158, 64, 'Otro formato', 1),
	(159, 65, 'Otro formato', 1),
	(160, 65, 'Prod. spot radio 20 seg', 1),
	(161, 65, 'Prod. spot radio 30 seg', 1),
	(162, 65, 'Prod. spot tv 20 seg', 1),
	(163, 65, 'Prod. spot tv 30 seg', 1),
	(164, 66, 'Otro formato', 1),
	(165, 66, 'Prod. spot radio 20 seg', 1),
	(166, 66, 'Prod. spot radio 30 seg', 1),
	(167, 66, 'Prod. spot tv 20 seg', 1),
	(168, 66, 'Prod. spot tv 30 seg', 1),
	(169, 68, 'Minutos', 1);
/*!40000 ALTER TABLE `cat_servicios_unidades` ENABLE KEYS */;

-- Volcando datos para la tabla rusiainf_inai.cat_so_atribucion: ~3 rows (aproximadamente)
/*!40000 ALTER TABLE `cat_so_atribucion` DISABLE KEYS */;
INSERT INTO `cat_so_atribucion` (`id_so_atribucion`, `nombre_so_atribucion`, `active`) VALUES
	(1, 'Contratante', 1),
	(2, 'Solicitante', 1),
	(3, 'Contratante y solicitante', 1);
/*!40000 ALTER TABLE `cat_so_atribucion` ENABLE KEYS */;

-- Volcando datos para la tabla rusiainf_inai.cat_so_estados: ~34 rows (aproximadamente)
/*!40000 ALTER TABLE `cat_so_estados` DISABLE KEYS */;
INSERT INTO `cat_so_estados` (`id_so_estado`, `nombre_so_estado`, `codigo_so_estado`, `active`) VALUES
	(1, 'Aguascalientes', 'mx-ag', 1),
	(2, 'Baja California', 'mx-bc', 1),
	(3, 'Baja California Sur', 'mx-bs', 1),
	(4, 'Campeche', 'mx-cm', 1),
	(5, 'Coahuila', 'mx-co', 1),
	(6, 'Colima', 'mx-cl', 1),
	(7, 'Chiapas', 'mx-cs', 1),
	(8, 'Chihuahua', 'mx-ch', 1),
	(9, 'Distrito Federal', 'mx-df', 1),
	(10, 'Durango', 'mx-dg', 1),
	(11, 'Guanajuato', 'mx-gj', 1),
	(12, 'Guerrero', 'mx-gr', 1),
	(13, 'Hidalgo', 'mx-hg', 1),
	(14, 'Jalisco', 'mx-ja', 1),
	(15, 'México', 'mx-mx', 1),
	(16, 'Michoacán', 'mx-mi', 1),
	(17, 'Morelos', 'mx-mo', 1),
	(18, 'Nayarit', 'mx-na', 1),
	(19, 'Nuevo León', 'mx-nl', 1),
	(20, 'Oaxaca', 'mx-oa', 1),
	(21, 'Puebla', 'mx-pu', 1),
	(22, 'Querétaro', 'mx-qt', 1),
	(23, 'Quintana Roo', 'mx-qr', 1),
	(24, 'San Luis Potosí', 'mx-sl', 1),
	(25, 'Sinaloa', 'mx-si', 1),
	(26, 'Sonora', 'mx-so', 1),
	(27, 'Tabasco', 'mx-tb', 1),
	(28, 'Tamaulipas', 'mx-tm', 1),
	(29, 'Tlaxcala', 'mx-tl', 1),
	(30, 'Veracruz', 'mx-ve', 1),
	(31, 'Yucatán', 'mx-yu', 1),
	(32, 'Zacatecas', 'mx-za', 1),
	(33, 'Federación', 'mx-fe', 1),
	(34, 'Internacional', 'int', 1);
/*!40000 ALTER TABLE `cat_so_estados` ENABLE KEYS */;

-- Volcando datos para la tabla rusiainf_inai.cat_so_ordenes_gobierno: ~3 rows (aproximadamente)
/*!40000 ALTER TABLE `cat_so_ordenes_gobierno` DISABLE KEYS */;
INSERT INTO `cat_so_ordenes_gobierno` (`id_so_orden_gobierno`, `nombre_so_orden_gobierno`, `active`) VALUES
	(1, 'Federal', 1),
	(2, 'Estatal', 1),
	(3, 'Municipal', 1);
/*!40000 ALTER TABLE `cat_so_ordenes_gobierno` ENABLE KEYS */;

-- Volcando datos para la tabla rusiainf_inai.cat_tiempo_tipos: ~2 rows (aproximadamente)
/*!40000 ALTER TABLE `cat_tiempo_tipos` DISABLE KEYS */;
INSERT INTO `cat_tiempo_tipos` (`id_tiempo_tipo`, `nombre_tipo_tiempo`, `active`) VALUES
	(1, 'Tiempo de Estado', 1),
	(2, 'Tiempo fiscal', 1);
/*!40000 ALTER TABLE `cat_tiempo_tipos` ENABLE KEYS */;

-- Volcando datos para la tabla rusiainf_inai.cat_tipo_liga: ~2 rows (aproximadamente)
/*!40000 ALTER TABLE `cat_tipo_liga` DISABLE KEYS */;
INSERT INTO `cat_tipo_liga` (`id_tipo_liga`, `tipo_liga`, `active`) VALUES
	(1, 'Referencia de Internet', 1),
	(2, 'Archivo Servidor', 1);
/*!40000 ALTER TABLE `cat_tipo_liga` ENABLE KEYS */;

-- Volcando datos para la tabla rusiainf_inai.cat_trimestres: ~4 rows (aproximadamente)
/*!40000 ALTER TABLE `cat_trimestres` DISABLE KEYS */;
INSERT INTO `cat_trimestres` (`id_trimestre`, `trimestre`, `active`) VALUES
	(1, 'enero-marzo', 1),
	(2, 'abril-junio', 1),
	(3, 'julio-septiembre', 1),
	(4, 'octubre-diciembre', 1);
/*!40000 ALTER TABLE `cat_trimestres` ENABLE KEYS */;

-- Volcando datos para la tabla rusiainf_inai.rel_campana_grupo_edad: ~11 rows (aproximadamente)
/*!40000 ALTER TABLE `rel_campana_grupo_edad` DISABLE KEYS */;
INSERT INTO `rel_campana_grupo_edad` (`id_rel_campana_grupo_edad`, `id_campana_aviso`, `id_poblacion_grupo_edad`) VALUES
	(16, 1, 4),
	(7, 2, 4),
	(5, 5, 4),
	(6, 6, 4),
	(10, 7, 4),
	(11, 8, 4),
	(12, 10, 4),
	(3, 11, 4),
	(21, 12, 4),
	(22, 13, 4),
	(23, 17, 4);
/*!40000 ALTER TABLE `rel_campana_grupo_edad` ENABLE KEYS */;

-- Volcando datos para la tabla rusiainf_inai.rel_campana_lugar: ~430 rows (aproximadamente)
/*!40000 ALTER TABLE `rel_campana_lugar` DISABLE KEYS */;
INSERT INTO `rel_campana_lugar` (`id_campana_lugar`, `id_campana_aviso`, `poblacion_lugar`) VALUES
	(188, 1, 'Aguascalientes'),
	(189, 1, 'Baja California'),
	(190, 1, 'Baja California Sur'),
	(191, 1, 'Campeche'),
	(194, 1, 'Chiapas'),
	(195, 1, 'Chihuahua'),
	(192, 1, 'Coahuila de Zaragoza'),
	(193, 1, 'Colima'),
	(196, 1, 'Distrito Federal'),
	(197, 1, 'Durango'),
	(198, 1, 'Guanajuato'),
	(199, 1, 'Guerrero'),
	(200, 1, 'Hidalgo'),
	(201, 1, 'Jalisco'),
	(202, 1, 'México'),
	(203, 1, 'Michoacán de Ocampo'),
	(204, 1, 'Morelos'),
	(205, 1, 'Nayarit'),
	(206, 1, 'Nuevo León'),
	(207, 1, 'Oaxaca'),
	(208, 1, 'Puebla'),
	(209, 1, 'Querétaro'),
	(210, 1, 'Quintana Roo'),
	(211, 1, 'San Luis Potosí'),
	(212, 1, 'Sinaloa'),
	(213, 1, 'Sonora'),
	(214, 1, 'Tabasco'),
	(215, 1, 'Tamaulipas'),
	(216, 1, 'Tlaxcala'),
	(217, 1, 'Veracruz de Ignacio de la Llave'),
	(218, 1, 'Yucatán'),
	(219, 1, 'Zacatecas'),
	(14, 2, 'Aguascalientes'),
	(12, 2, 'Baja California'),
	(52, 2, 'Chihuahua'),
	(15, 2, 'Estado de México'),
	(13, 2, 'Guanajuato'),
	(7, 2, 'Jalisco'),
	(10, 2, 'Michoacán'),
	(51, 2, 'Nacional'),
	(6, 2, 'Nuevo León'),
	(11, 2, 'Puebla'),
	(53, 2, 'Sonora'),
	(8, 2, 'Veracruz'),
	(5, 2, 'Yucatán'),
	(9, 2, 'Zacatecas'),
	(60, 3, 'Aguascalientes'),
	(61, 3, 'Baja California'),
	(62, 3, 'Baja California Sur'),
	(63, 3, 'Campeche'),
	(66, 3, 'Chiapas'),
	(67, 3, 'Chihuahua'),
	(64, 3, 'Coahuila de Zaragoza'),
	(65, 3, 'Colima'),
	(68, 3, 'Distrito Federal'),
	(69, 3, 'Durango'),
	(70, 3, 'Guanajuato'),
	(71, 3, 'Guerrero'),
	(72, 3, 'Hidalgo'),
	(73, 3, 'Jalisco'),
	(74, 3, 'México'),
	(75, 3, 'Michoacán de Ocampo'),
	(76, 3, 'Morelos'),
	(77, 3, 'Nayarit'),
	(78, 3, 'Nuevo León'),
	(79, 3, 'Oaxaca'),
	(80, 3, 'Puebla'),
	(81, 3, 'Querétaro'),
	(82, 3, 'Quintana Roo'),
	(83, 3, 'San Luis Potosí'),
	(84, 3, 'Sinaloa'),
	(85, 3, 'Sonora'),
	(86, 3, 'Tabasco'),
	(87, 3, 'Tamaulipas'),
	(88, 3, 'Tlaxcala'),
	(89, 3, 'Veracruz de Ignacio de la Llave'),
	(90, 3, 'Yucatán'),
	(91, 3, 'Zacatecas'),
	(92, 4, 'Aguascalientes'),
	(93, 4, 'Baja California'),
	(94, 4, 'Baja California Sur'),
	(95, 4, 'Campeche'),
	(98, 4, 'Chiapas'),
	(99, 4, 'Chihuahua'),
	(96, 4, 'Coahuila de Zaragoza'),
	(97, 4, 'Colima'),
	(100, 4, 'Distrito Federal'),
	(101, 4, 'Durango'),
	(102, 4, 'Guanajuato'),
	(103, 4, 'Guerrero'),
	(104, 4, 'Hidalgo'),
	(105, 4, 'Jalisco'),
	(106, 4, 'México'),
	(107, 4, 'Michoacán de Ocampo'),
	(108, 4, 'Morelos'),
	(109, 4, 'Nayarit'),
	(110, 4, 'Nuevo León'),
	(111, 4, 'Oaxaca'),
	(112, 4, 'Puebla'),
	(113, 4, 'Querétaro'),
	(114, 4, 'Quintana Roo'),
	(115, 4, 'San Luis Potosí'),
	(116, 4, 'Sinaloa'),
	(117, 4, 'Sonora'),
	(118, 4, 'Tabasco'),
	(119, 4, 'Tamaulipas'),
	(120, 4, 'Tlaxcala'),
	(121, 4, 'Veracruz de Ignacio de la Llave'),
	(122, 4, 'Yucatán'),
	(123, 4, 'Zacatecas'),
	(124, 5, 'Aguascalientes'),
	(125, 5, 'Baja California'),
	(126, 5, 'Baja California Sur'),
	(127, 5, 'Campeche'),
	(130, 5, 'Chiapas'),
	(131, 5, 'Chihuahua'),
	(128, 5, 'Coahuila de Zaragoza'),
	(129, 5, 'Colima'),
	(132, 5, 'Distrito Federal'),
	(133, 5, 'Durango'),
	(134, 5, 'Guanajuato'),
	(135, 5, 'Guerrero'),
	(136, 5, 'Hidalgo'),
	(137, 5, 'Jalisco'),
	(138, 5, 'México'),
	(139, 5, 'Michoacán de Ocampo'),
	(140, 5, 'Morelos'),
	(141, 5, 'Nayarit'),
	(142, 5, 'Nuevo León'),
	(143, 5, 'Oaxaca'),
	(144, 5, 'Puebla'),
	(145, 5, 'Querétaro'),
	(146, 5, 'Quintana Roo'),
	(147, 5, 'San Luis Potosí'),
	(148, 5, 'Sinaloa'),
	(149, 5, 'Sonora'),
	(150, 5, 'Tabasco'),
	(151, 5, 'Tamaulipas'),
	(152, 5, 'Tlaxcala'),
	(153, 5, 'Veracruz de Ignacio de la Llave'),
	(154, 5, 'Yucatán'),
	(155, 5, 'Zacatecas'),
	(156, 6, 'Aguascalientes'),
	(157, 6, 'Baja California'),
	(158, 6, 'Baja California Sur'),
	(159, 6, 'Campeche'),
	(162, 6, 'Chiapas'),
	(163, 6, 'Chihuahua'),
	(160, 6, 'Coahuila de Zaragoza'),
	(161, 6, 'Colima'),
	(164, 6, 'Distrito Federal'),
	(165, 6, 'Durango'),
	(166, 6, 'Guanajuato'),
	(167, 6, 'Guerrero'),
	(168, 6, 'Hidalgo'),
	(169, 6, 'Jalisco'),
	(170, 6, 'México'),
	(171, 6, 'Michoacán de Ocampo'),
	(172, 6, 'Morelos'),
	(173, 6, 'Nayarit'),
	(174, 6, 'Nuevo León'),
	(175, 6, 'Oaxaca'),
	(176, 6, 'Puebla'),
	(177, 6, 'Querétaro'),
	(178, 6, 'Quintana Roo'),
	(179, 6, 'San Luis Potosí'),
	(180, 6, 'Sinaloa'),
	(181, 6, 'Sonora'),
	(182, 6, 'Tabasco'),
	(183, 6, 'Tamaulipas'),
	(184, 6, 'Tlaxcala'),
	(185, 6, 'Veracruz de Ignacio de la Llave'),
	(186, 6, 'Yucatán'),
	(187, 6, 'Zacatecas'),
	(220, 7, 'Aguascalientes'),
	(221, 7, 'Baja California'),
	(222, 7, 'Baja California Sur'),
	(223, 7, 'Campeche'),
	(226, 7, 'Chiapas'),
	(227, 7, 'Chihuahua'),
	(224, 7, 'Coahuila de Zaragoza'),
	(225, 7, 'Colima'),
	(228, 7, 'Distrito Federal'),
	(229, 7, 'Durango'),
	(230, 7, 'Guanajuato'),
	(232, 7, 'Guerrero'),
	(233, 7, 'Hidalgo'),
	(234, 7, 'Jalisco'),
	(235, 7, 'México'),
	(236, 7, 'Michoacán de Ocampo'),
	(237, 7, 'Morelos'),
	(238, 7, 'Nayarit'),
	(239, 7, 'Nuevo León'),
	(240, 7, 'Oaxaca'),
	(241, 7, 'Puebla'),
	(242, 7, 'Querétaro'),
	(243, 7, 'Quintana Roo'),
	(244, 7, 'San Luis Potosí'),
	(245, 7, 'Sinaloa'),
	(246, 7, 'Sonora'),
	(247, 7, 'Tabasco'),
	(248, 7, 'Tamaulipas'),
	(249, 7, 'Tlaxcala'),
	(250, 7, 'Veracruz de Ignacio de la Llave'),
	(251, 7, 'Yucatán'),
	(252, 7, 'Zacatecas'),
	(253, 8, 'Aguascalientes'),
	(254, 8, 'Baja California'),
	(255, 8, 'Baja California Sur'),
	(256, 8, 'Campeche'),
	(259, 8, 'Chiapas'),
	(260, 8, 'Chihuahua'),
	(257, 8, 'Coahuila de Zaragoza'),
	(258, 8, 'Colima'),
	(261, 8, 'Distrito Federal'),
	(262, 8, 'Durango'),
	(263, 8, 'Guanajuato'),
	(264, 8, 'Guerrero'),
	(265, 8, 'Hidalgo'),
	(266, 8, 'Jalisco'),
	(267, 8, 'México'),
	(268, 8, 'Michoacán de Ocampo'),
	(269, 8, 'Morelos'),
	(270, 8, 'Nayarit'),
	(271, 8, 'Nuevo León'),
	(272, 8, 'Oaxaca'),
	(273, 8, 'Puebla'),
	(274, 8, 'Querétaro'),
	(275, 8, 'Quintana Roo'),
	(276, 8, 'San Luis Potosí'),
	(277, 8, 'Sinaloa'),
	(278, 8, 'Sonora'),
	(279, 8, 'Tabasco'),
	(280, 8, 'Tamaulipas'),
	(281, 8, 'Tlaxcala'),
	(282, 8, 'Veracruz de Ignacio de la Llave'),
	(283, 8, 'Yucatán'),
	(284, 8, 'Zacatecas'),
	(285, 10, 'Aguascalientes'),
	(286, 10, 'Baja California'),
	(287, 10, 'Baja California Sur'),
	(288, 10, 'Campeche'),
	(291, 10, 'Chiapas'),
	(292, 10, 'Chihuahua'),
	(289, 10, 'Coahuila de Zaragoza'),
	(290, 10, 'Colima'),
	(293, 10, 'Distrito Federal'),
	(294, 10, 'Durango'),
	(295, 10, 'Guanajuato'),
	(296, 10, 'Guerrero'),
	(297, 10, 'Hidalgo'),
	(298, 10, 'Jalisco'),
	(299, 10, 'México'),
	(300, 10, 'Michoacán de Ocampo'),
	(301, 10, 'Morelos'),
	(302, 10, 'Nayarit'),
	(303, 10, 'Nuevo León'),
	(304, 10, 'Oaxaca'),
	(305, 10, 'Puebla'),
	(306, 10, 'Querétaro'),
	(307, 10, 'Quintana Roo'),
	(308, 10, 'San Luis Potosí'),
	(309, 10, 'Sinaloa'),
	(310, 10, 'Sonora'),
	(311, 10, 'Tabasco'),
	(312, 10, 'Tamaulipas'),
	(313, 10, 'Tlaxcala'),
	(314, 10, 'Veracruz de Ignacio de la Llave'),
	(315, 10, 'Yucatán'),
	(316, 10, 'Zacatecas'),
	(317, 11, 'Aguascalientes'),
	(318, 11, 'Baja California'),
	(319, 11, 'Baja California Sur'),
	(320, 11, 'Campeche'),
	(323, 11, 'Chiapas'),
	(324, 11, 'Chihuahua'),
	(321, 11, 'Coahuila de Zaragoza'),
	(322, 11, 'Colima'),
	(325, 11, 'Distrito Federal'),
	(326, 11, 'Durango'),
	(327, 11, 'Guanajuato'),
	(328, 11, 'Guerrero'),
	(329, 11, 'Hidalgo'),
	(330, 11, 'Jalisco'),
	(331, 11, 'México'),
	(332, 11, 'Michoacán de Ocampo'),
	(333, 11, 'Morelos'),
	(334, 11, 'Nayarit'),
	(335, 11, 'Nuevo León'),
	(336, 11, 'Oaxaca'),
	(337, 11, 'Puebla'),
	(338, 11, 'Querétaro'),
	(339, 11, 'Quintana Roo'),
	(340, 11, 'San Luis Potosí'),
	(341, 11, 'Sinaloa'),
	(342, 11, 'Sonora'),
	(343, 11, 'Tabasco'),
	(344, 11, 'Tamaulipas'),
	(345, 11, 'Tlaxcala'),
	(346, 11, 'Veracruz de Ignacio de la Llave'),
	(347, 11, 'Yucatán'),
	(348, 11, 'Zacatecas'),
	(21, 12, 'Aguascalientes'),
	(22, 12, 'Baja California'),
	(23, 12, 'Baja California Sur'),
	(24, 12, 'Campeche'),
	(25, 12, 'Chiapas'),
	(26, 12, 'Chihuahua'),
	(27, 12, 'Coahuila de Zaragoza'),
	(28, 12, 'Colima'),
	(54, 12, 'Distrito Federal'),
	(29, 12, 'Durango'),
	(56, 12, 'Estado de México'),
	(30, 12, 'Guanajuato'),
	(55, 12, 'Guerrero'),
	(31, 12, 'Hidalgo'),
	(32, 12, 'Jalisco'),
	(33, 12, 'Michoacán de Ocampo'),
	(34, 12, 'Morelos'),
	(36, 12, 'Nayarit'),
	(37, 12, 'Nuevo León'),
	(38, 12, 'Oaxaca'),
	(39, 12, 'Puebla'),
	(57, 12, 'Querétaro'),
	(40, 12, 'Quintana Roo'),
	(41, 12, 'San Luis Potosí'),
	(42, 12, 'Sinaloa'),
	(43, 12, 'Sonora'),
	(44, 12, 'Tabasco'),
	(45, 12, 'Tamaulipas'),
	(58, 12, 'Tlaxcala'),
	(46, 12, 'Veracruz de Ignacio de la Llave'),
	(47, 12, 'Yucatán'),
	(59, 12, 'Zacatecas'),
	(349, 13, 'Aguascalientes'),
	(350, 13, 'Baja California'),
	(351, 13, 'Baja California Sur'),
	(352, 13, 'Campeche'),
	(355, 13, 'Chiapas'),
	(356, 13, 'Chihuahua'),
	(353, 13, 'Coahuila de Zaragoza'),
	(354, 13, 'Colima'),
	(357, 13, 'Distrito Federal'),
	(358, 13, 'Durango'),
	(359, 13, 'Guanajuato'),
	(360, 13, 'Guerrero'),
	(361, 13, 'Hidalgo'),
	(362, 13, 'Jalisco'),
	(363, 13, 'México'),
	(364, 13, 'Michoacán de Ocampo'),
	(365, 13, 'Morelos'),
	(366, 13, 'Nayarit'),
	(367, 13, 'Nuevo León'),
	(368, 13, 'Oaxaca'),
	(369, 13, 'Puebla'),
	(370, 13, 'Querétaro'),
	(371, 13, 'Quintana Roo'),
	(372, 13, 'San Luis Potosí'),
	(373, 13, 'Sinaloa'),
	(374, 13, 'Sonora'),
	(375, 13, 'Tabasco'),
	(376, 13, 'Tamaulipas'),
	(377, 13, 'Tlaxcala'),
	(378, 13, 'Veracruz de Ignacio de la Llave'),
	(379, 13, 'Yucatán'),
	(380, 13, 'Zacatecas'),
	(381, 14, 'Aguascalientes'),
	(382, 14, 'Baja California'),
	(383, 14, 'Baja California Sur'),
	(384, 14, 'Campeche'),
	(387, 14, 'Chiapas'),
	(388, 14, 'Chihuahua'),
	(385, 14, 'Coahuila de Zaragoza'),
	(386, 14, 'Colima'),
	(389, 14, 'Distrito Federal'),
	(390, 14, 'Durango'),
	(391, 14, 'Guanajuato'),
	(392, 14, 'Guerrero'),
	(393, 14, 'Hidalgo'),
	(394, 14, 'Jalisco'),
	(395, 14, 'México'),
	(396, 14, 'Michoacán de Ocampo'),
	(397, 14, 'Morelos'),
	(398, 14, 'Nayarit'),
	(399, 14, 'Nuevo León'),
	(400, 14, 'Oaxaca'),
	(401, 14, 'Puebla'),
	(402, 14, 'Querétaro'),
	(403, 14, 'Quintana Roo'),
	(404, 14, 'San Luis Potosí'),
	(405, 14, 'Sinaloa'),
	(406, 14, 'Sonora'),
	(407, 14, 'Tabasco'),
	(408, 14, 'Tamaulipas'),
	(409, 14, 'Tlaxcala'),
	(410, 14, 'Veracruz de Ignacio de la Llave'),
	(411, 14, 'Yucatán'),
	(412, 14, 'Zacatecas'),
	(413, 17, 'Aguascalientes'),
	(414, 17, 'Baja California'),
	(415, 17, 'Baja California Sur'),
	(416, 17, 'Campeche'),
	(419, 17, 'Chiapas'),
	(420, 17, 'Chihuahua'),
	(417, 17, 'Coahuila de Zaragoza'),
	(418, 17, 'Colima'),
	(421, 17, 'Distrito Federal'),
	(422, 17, 'Durango'),
	(423, 17, 'Guanajuato'),
	(424, 17, 'Guerrero'),
	(425, 17, 'Hidalgo'),
	(426, 17, 'Jalisco'),
	(427, 17, 'México'),
	(428, 17, 'Michoacán de Ocampo'),
	(429, 17, 'Morelos'),
	(430, 17, 'Nayarit'),
	(431, 17, 'Nuevo León'),
	(432, 17, 'Oaxaca'),
	(433, 17, 'Puebla'),
	(434, 17, 'Querétaro'),
	(435, 17, 'Quintana Roo'),
	(436, 17, 'San Luis Potosí'),
	(437, 17, 'Sinaloa'),
	(438, 17, 'Sonora'),
	(439, 17, 'Tabasco'),
	(440, 17, 'Tamaulipas'),
	(441, 17, 'Tlaxcala'),
	(442, 17, 'Veracruz de Ignacio de la Llave'),
	(443, 17, 'Yucatán'),
	(444, 17, 'Zacatecas');
/*!40000 ALTER TABLE `rel_campana_lugar` ENABLE KEYS */;

-- Volcando datos para la tabla rusiainf_inai.rel_campana_maudio: ~1 rows (aproximadamente)
/*!40000 ALTER TABLE `rel_campana_maudio` DISABLE KEYS */;
INSERT INTO `rel_campana_maudio` (`id_campana_maudio`, `id_campana_aviso`, `id_tipo_liga`, `nombre_campana_maudio`, `url_audio`, `file_audio`) VALUES
	(19, 3, 1, 'INAI Spot de Radio “3er Seminario Internacional sobre Gestión Documental y Transparencia“.', 'https://www.youtube.com/watch?v=2WXAG9VCtIo', NULL);
/*!40000 ALTER TABLE `rel_campana_maudio` ENABLE KEYS */;

-- Volcando datos para la tabla rusiainf_inai.rel_campana_mimagenes: ~0 rows (aproximadamente)
/*!40000 ALTER TABLE `rel_campana_mimagenes` DISABLE KEYS */;
/*!40000 ALTER TABLE `rel_campana_mimagenes` ENABLE KEYS */;

-- Volcando datos para la tabla rusiainf_inai.rel_campana_mvideo: ~3 rows (aproximadamente)
/*!40000 ALTER TABLE `rel_campana_mvideo` DISABLE KEYS */;
INSERT INTO `rel_campana_mvideo` (`id_campana_mvideo`, `id_campana_aviso`, `id_tipo_liga`, `nombre_campana_mvideo`, `url_video`, `file_video`) VALUES
	(21, 3, 1, 'INAI “3er Seminario Internacional sobre Gestión Documental y Transparencia“.', 'https://www.youtube.com/watch?v=_hwklPqja_A', NULL),
	(23, 10, 1, 'Fiesta de la Verdad Cuernavaca, Morelos', 'https://www.youtube.com/watch?v=L1EsIkGa6rk', NULL),
	(24, 11, 1, 'Telinai ¡Llama! Es fácil y rápido', 'https://www.youtube.com/watch?v=LxKnFJVDoVM', NULL);
/*!40000 ALTER TABLE `rel_campana_mvideo` ENABLE KEYS */;

-- Volcando datos para la tabla rusiainf_inai.rel_campana_nivel: ~65 rows (aproximadamente)
/*!40000 ALTER TABLE `rel_campana_nivel` DISABLE KEYS */;
INSERT INTO `rel_campana_nivel` (`id_rel_campana_nivel`, `id_campana_aviso`, `id_poblacion_nivel`) VALUES
	(23, 1, 1),
	(24, 1, 2),
	(25, 1, 3),
	(26, 1, 4),
	(27, 1, 5),
	(17, 2, 1),
	(18, 2, 2),
	(19, 2, 3),
	(20, 2, 4),
	(21, 2, 5),
	(22, 2, 6),
	(5, 5, 1),
	(6, 5, 2),
	(7, 5, 3),
	(8, 5, 4),
	(9, 5, 5),
	(10, 5, 6),
	(11, 6, 1),
	(12, 6, 2),
	(13, 6, 3),
	(14, 6, 4),
	(15, 6, 5),
	(16, 6, 6),
	(29, 7, 1),
	(30, 7, 2),
	(31, 7, 3),
	(32, 7, 4),
	(33, 7, 5),
	(34, 7, 6),
	(35, 8, 1),
	(36, 8, 2),
	(37, 8, 3),
	(38, 8, 4),
	(39, 8, 5),
	(40, 8, 6),
	(41, 10, 1),
	(42, 10, 2),
	(43, 10, 3),
	(44, 10, 4),
	(45, 10, 5),
	(46, 10, 6),
	(47, 11, 1),
	(48, 11, 2),
	(49, 11, 3),
	(50, 11, 4),
	(51, 11, 5),
	(52, 11, 6),
	(53, 12, 1),
	(54, 12, 2),
	(55, 12, 3),
	(56, 12, 4),
	(57, 12, 5),
	(58, 12, 6),
	(59, 13, 1),
	(60, 13, 2),
	(61, 13, 3),
	(62, 13, 4),
	(63, 13, 5),
	(64, 13, 6),
	(65, 17, 1),
	(66, 17, 2),
	(67, 17, 3),
	(68, 17, 4),
	(69, 17, 5),
	(70, 17, 6);
/*!40000 ALTER TABLE `rel_campana_nivel` ENABLE KEYS */;

-- Volcando datos para la tabla rusiainf_inai.rel_campana_nivel_educativo: ~45 rows (aproximadamente)
/*!40000 ALTER TABLE `rel_campana_nivel_educativo` DISABLE KEYS */;
INSERT INTO `rel_campana_nivel_educativo` (`id_rel_campana_nivel_educativo`, `id_campana_aviso`, `id_poblacion_nivel_educativo`) VALUES
	(18, 2, 1),
	(17, 2, 2),
	(16, 2, 3),
	(15, 2, 4),
	(14, 2, 5),
	(13, 2, 6),
	(4, 5, 3),
	(3, 5, 4),
	(2, 5, 5),
	(1, 5, 6),
	(10, 6, 3),
	(9, 6, 4),
	(8, 6, 5),
	(7, 6, 6),
	(22, 8, 1),
	(21, 8, 2),
	(20, 8, 3),
	(19, 8, 4),
	(54, 8, 5),
	(53, 8, 6),
	(26, 10, 1),
	(25, 10, 2),
	(24, 10, 3),
	(23, 10, 4),
	(32, 11, 1),
	(31, 11, 2),
	(30, 11, 3),
	(38, 12, 1),
	(37, 12, 2),
	(36, 12, 3),
	(35, 12, 4),
	(34, 12, 5),
	(33, 12, 6),
	(44, 13, 1),
	(43, 13, 2),
	(42, 13, 3),
	(41, 13, 4),
	(40, 13, 5),
	(39, 13, 6),
	(50, 17, 1),
	(49, 17, 2),
	(48, 17, 3),
	(47, 17, 4),
	(46, 17, 5),
	(45, 17, 6);
/*!40000 ALTER TABLE `rel_campana_nivel_educativo` ENABLE KEYS */;

-- Volcando datos para la tabla rusiainf_inai.rel_campana_sexo: ~14 rows (aproximadamente)
/*!40000 ALTER TABLE `rel_campana_sexo` DISABLE KEYS */;
INSERT INTO `rel_campana_sexo` (`id_rel_campana_sexo`, `id_campana_aviso`, `id_poblacion_sexo`) VALUES
	(4, 1, 3),
	(9, 2, 3),
	(5, 3, 3),
	(6, 4, 3),
	(7, 5, 3),
	(8, 6, 3),
	(10, 7, 3),
	(11, 8, 3),
	(12, 10, 3),
	(3, 11, 3),
	(13, 12, 3),
	(14, 13, 3),
	(15, 14, 3),
	(16, 17, 3);
/*!40000 ALTER TABLE `rel_campana_sexo` ENABLE KEYS */;

-- Volcando datos para la tabla rusiainf_inai.sys_active: ~2 rows (aproximadamente)
/*!40000 ALTER TABLE `sys_active` DISABLE KEYS */;
INSERT INTO `sys_active` (`id_active`, `name_active`) VALUES
	(1, 'Activo'),
	(2, 'Inactivo');
/*!40000 ALTER TABLE `sys_active` ENABLE KEYS */;

-- Volcando datos para la tabla rusiainf_inai.sys_debug: ~0 rows (aproximadamente)
/*!40000 ALTER TABLE `sys_debug` DISABLE KEYS */;
/*!40000 ALTER TABLE `sys_debug` ENABLE KEYS */;

-- Volcando datos para la tabla rusiainf_inai.sys_log: ~850 rows (aproximadamente)
/*!40000 ALTER TABLE `sys_log` DISABLE KEYS */;

-- Volcando datos para la tabla rusiainf_inai.sys_logico: ~2 rows (aproximadamente)
/*!40000 ALTER TABLE `sys_logico` DISABLE KEYS */;
INSERT INTO `sys_logico` (`id_logico`, `logico`, `active`) VALUES
	(1, 'Si', 1),
	(2, 'No', 1);
/*!40000 ALTER TABLE `sys_logico` ENABLE KEYS */;

-- Volcando datos para la tabla rusiainf_inai.sys_settings: ~0 rows (aproximadamente)
/*!40000 ALTER TABLE `sys_settings` DISABLE KEYS */;
INSERT INTO `sys_settings` (`id_settings`, `recaptcha`, `url_docs`) VALUES
	(1, '6LfkcQsUAAAAAFtVWmr7CAwpPb3OqUq_J4ZmzAaq', 'http://www.rusia2018.info/inai/tpo/tpoadminv1/');
/*!40000 ALTER TABLE `sys_settings` ENABLE KEYS */;

-- Volcando datos para la tabla rusiainf_inai.tab_campana_aviso: ~17 rows (aproximadamente)
/*!40000 ALTER TABLE `tab_campana_aviso` DISABLE KEYS */;
INSERT INTO `tab_campana_aviso` (`id_campana_aviso`, `id_campana_cobertura`, `id_campana_tipo`, `id_campana_subtipo`, `id_campana_tema`, `id_campana_objetivo`, `id_ejercicio`, `id_trimestre`, `id_so_contratante`, `id_so_solicitante`, `id_tiempo_oficial`, `nombre_campana_aviso`, `objetivo_comunicacion`, `fecha_inicio`, `fecha_termino`, `fecha_inicio_to`, `fecha_termino_to`, `publicacion_segob`, `campana_ambito_geo`, `plan_acs`, `fecha_dof`, `evaluacion`, `evaluacion_documento`, `fecha_validacion`, `area_responsable`, `periodo`, `fecha_actualizacion`, `nota`, `autoridad`, `clave_campana`, `active`) VALUES
	(1, 3, 1, 4, 34, 2, 1, 4, 1, 1, 2, 'Edictos', '<p>Informar la imposici&oacute;n de sanciones&nbsp;</p>', '2015-11-09', '2015-11-11', '2016-10-01', '2016-10-02', 'PUBLICACIÓN SEGOB', 'México', 'Programa Anual de Trabajo DGCSD', '2015-02-04', NULL, NULL, '2016-09-20', 'Dirección General de Comunicación Social y Difusión', 2016, '2016-09-20', NULL, 'AUTORIDAD QUE PROPORCIONÓ LA CLAVE', '1', 1),
	(2, 3, 1, 9, 31, 2, 1, 1, 1, 1, 2, 'Día Internacional de Protección de Datos Personales 2015', '<p>Promover y difundir el Derecho de Protecci&oacute;n de Datos Personales a nivel nacional&nbsp;</p>', '2015-01-23', '2015-01-29', NULL, NULL, NULL, 'Nacional', 'Programa Anual de Trabajo DGCSD', '2015-02-04', NULL, NULL, '2016-09-20', 'Dirección General de Comunicación Social y Difusión', 2016, '2016-09-20', NULL, NULL, NULL, 1),
	(3, 3, 1, 9, 30, 2, 1, 4, 1, 1, 2, '3er. Seminario Internacional sobre Gestión Documental y Transparencia', '<p>Promover y difundir los Derechos de Acceso a la Informaci&oacute;n y Protecci&oacute;n de Datos&nbsp;</p>', '2015-11-17', '2015-11-20', NULL, NULL, NULL, 'México', 'Programa Anual de Trabajo DGCSD', '2015-02-04', NULL, NULL, '2016-09-20', 'Dirección General de Comunicación Social y Difusión', 2016, '2016-09-20', NULL, NULL, NULL, 1),
	(4, 3, 1, 9, 30, 2, 1, 4, 1, 1, 2, '3er. Seminario Internacional sobre Gestión Documental y Transparencia y el servicio telefónico TELINAI', '<p>Promover y difundir los Derechos de Acceso a la Informaci&oacute;n y Protecci&oacute;n de Datos&nbsp;</p>', '2015-11-14', '2015-12-15', NULL, NULL, NULL, 'México', 'Programa Anual de Trabajo DGCSD', '2015-02-04', NULL, NULL, '2016-09-20', 'Dirección General de Comunicación Social y Difusión', 2016, '2016-09-20', NULL, NULL, NULL, 1),
	(5, 3, 1, 9, 30, 2, 1, 4, 1, 1, 2, '3er. Seminario Internacional sobre Gestión Documental y Transparencia y nombramiento del Rector de la UNAM', '<p>Promover y Difundir el Derecho de Acceso a la Informaci&oacute;n, as&iacute; como fomentar y fortalecer las relaciones interinstitucionales entre los organismos aut&oacute;nomos&nbsp;</p>', '2015-11-13', '2015-11-18', NULL, NULL, NULL, 'México', 'Programa Anual de Trabajo DGCSD', '2015-02-04', NULL, NULL, '2016-09-20', 'Dirección General de Comunicación Social y Difusión', 2016, '2016-09-20', NULL, NULL, NULL, 1),
	(6, 3, 1, 9, 30, 2, 1, 2, 1, 1, 2, 'Alcances y Retos de la Ley General de Transparencia y Acceso a la Información Pública', '<p>Promover y difundir el quehacer Institucional &nbsp;</p>', '2015-05-19', '2015-05-25', NULL, NULL, NULL, 'México', 'Programa Anual de Trabajo DGCSD', '2015-02-04', NULL, NULL, '2016-09-20', 'Dirección General de Comunicación Social y Difusión', 2016, '2016-09-20', NULL, NULL, NULL, 1),
	(7, 3, 1, 9, 34, 2, 1, 1, 1, 1, 2, 'Elección del Presidente de la Suprema Corte de Justicia de la Nación y Presidente del Consejo de la Judicatura Federal', '<p>Mantener y fomentar las relaciones entre el INAI y el Poder Judicial de la Federaci&oacute;n&nbsp;</p>', '2015-01-06', '2015-01-06', NULL, NULL, NULL, 'México', 'Programa Anual de Trabajo DGCSD', '2015-02-04', NULL, NULL, '2016-09-20', 'Dirección General de Comunicación Social y Difusión', 2016, '2016-09-20', NULL, NULL, NULL, 1),
	(8, 3, 1, 9, 30, 2, 1, 4, 1, 1, 2, 'Encuentro Regional de Transparencia y Protección de Datos Personales', '<p>Promover y difundir el Derecho de Acceso y Protecci&oacute;n de Datos Personales&nbsp;</p>', '2015-12-09', '2015-12-10', NULL, NULL, NULL, 'México', 'Programa Anual de Trabajo DGCSD', '2015-02-04', NULL, NULL, '2016-09-20', 'Dirección General de Comunicación Social y Difusión', 2016, '2016-09-20', NULL, NULL, NULL, 1),
	(9, 3, 1, 9, 30, 2, 1, 1, 1, 1, 2, 'Eventos Institucionales', '<p>Promover y difundir el quehacer Institucional &nbsp;</p>', '2015-03-12', '2015-12-02', NULL, NULL, NULL, 'México', 'Programa Anual de Trabajo DGCSD', '2015-02-04', NULL, NULL, '2016-09-20', 'Dirección General de Comunicación Social y Difusión', 2016, '2016-09-20', NULL, NULL, NULL, 1),
	(10, 3, 1, 9, 30, 2, 1, 2, 1, 1, 2, 'Fiesta de la Transparencia', '<p>Promover y difundir los Derechos y Acceso a la Protecci&oacute;n de Datos Personales&nbsp;</p>', '2015-04-29', '2015-05-02', NULL, NULL, NULL, 'México', 'Programa Anual de Trabajo DGCSD', '2015-02-04', NULL, NULL, '2016-09-20', 'Dirección General de Comunicación Social y Difusión', 2016, '2016-09-20', NULL, NULL, NULL, 1),
	(11, 3, 1, 9, 30, 2, 1, 3, 1, 1, 2, 'Inauguración del Centro de Atención a la Sociedad y el Servicio TELINAI', '<p>Promover y difundir la nueva herramienta para ejercer el Derecho de Acceso a la Informaci&oacute;n&nbsp;</p>', '2015-08-19', '2015-12-01', NULL, NULL, NULL, 'México', 'Programa Anual de Trabajo DGCSD', '2015-02-04', NULL, NULL, '2016-09-20', 'Dirección General de Comunicación Social y Difusión', 2016, '2016-09-20', NULL, NULL, NULL, 1),
	(12, 3, 2, 11, 30, 2, 1, 4, 1, 1, 2, 'Institucional 2015', '<p>Reforzar el conocimiento del nombre del Instituto y sus nuevas atribuciones, promover la cultura de la Transparencia y el Acceso a la Informaci&oacute;n P&uacute;blica, promover la cultura de la Protecci&oacute;n de Datos Personales en posesi&oacute;n de particulares</p>', '2015-11-20', '2015-12-31', NULL, NULL, NULL, 'México', 'Programa Anual de Trabajo DGCSD', '2015-02-04', NULL, NULL, '2016-09-20', 'Dirección General de Comunicación Social y Difusión', 2016, '2016-09-20', NULL, NULL, NULL, 1),
	(13, 3, 1, 9, 30, 2, 1, 4, 1, 1, 2, 'Semana Nacional de Transparencia 2015', '<p>Promover y difundir los Derechos de Acceso a la Informaci&oacute;n y Protecci&oacute;n de Datos&nbsp;</p>', '2015-09-22', '2015-10-06', NULL, NULL, NULL, 'México', 'Programa Anual de Trabajo DGCSD', '2015-02-04', NULL, NULL, '2016-09-20', 'Dirección General de Comunicación Social y Difusión', 2016, '2016-09-20', NULL, NULL, NULL, 1),
	(14, 3, 1, 9, 30, 2, 1, 4, 1, 1, 2, 'Semana Nacional de Transparencia 2015 y servicio telefónico TELINAI', '<p>Promover y difundir los Derechos de Acceso a la Informaci&oacute;n y Protecci&oacute;n de Datos&nbsp;</p>', '2015-10-01', '2015-10-31', NULL, NULL, NULL, 'México', 'Programa Anual de Trabajo DGCSD', '2015-02-04', NULL, NULL, '2016-09-20', 'Dirección General de Comunicación Social y Difusión', 2016, '2016-09-20', NULL, NULL, NULL, 1),
	(15, 3, 1, 9, 34, 2, 1, 2, 1, 1, 2, 'Sesiones del Comité de Adquisiciones, Arrendamientos y Servicios del INAI', '<p>Promover y difundir el quehacer Institucional &nbsp;</p>', '2015-05-14', '2015-07-16', NULL, NULL, NULL, 'México', 'Programa Anual de Trabajo DGCSD', '2015-02-04', NULL, NULL, '2016-09-20', 'Dirección General de Comunicación Social y Difusión', 2016, '2016-09-20', NULL, NULL, NULL, 1),
	(16, 3, 1, 9, 30, 2, 1, 1, 1, 1, 2, 'Sesiones del Pleno del INAI', '<p>Promover y difundir el quehacer Institucional &nbsp;</p>', '2015-01-14', '2015-12-17', NULL, NULL, NULL, 'México', 'Programa Anual de Trabajo DGCSD', '2015-02-04', NULL, NULL, '2016-09-20', 'Dirección General de Comunicación Social y Difusión', 2016, '2016-09-20', NULL, NULL, NULL, 1),
	(17, 3, 1, 9, 30, 2, 1, 2, 1, 1, 2, 'Sistema Nacional de Transparencia, Acceso a la Información Publica y Protección de Datos Personales', '<p>Promover y difundir el Derecho de Acceso y Protecci&oacute;n de Datos Personales&nbsp;</p>', '2015-06-18', '2015-06-23', NULL, NULL, NULL, 'México', 'Programa Anual de Trabajo DGCSD', '2015-02-04', NULL, NULL, '2016-09-20', 'Dirección General de Comunicación Social y Difusión', 2016, '2016-09-20', NULL, NULL, NULL, 1);
/*!40000 ALTER TABLE `tab_campana_aviso` ENABLE KEYS */;

-- Volcando datos para la tabla rusiainf_inai.tab_contratos: ~13 rows (aproximadamente)
/*!40000 ALTER TABLE `tab_contratos` DISABLE KEYS */;
INSERT INTO `tab_contratos` (`id_contrato`, `id_procedimiento`, `id_proveedor`, `id_ejercicio`, `id_trimestre`, `id_so_contratante`, `id_so_solicitante`, `numero_contrato`, `objeto_contrato`, `descripcion_justificacion`, `fundamento_juridico`, `fecha_celebracion`, `fecha_inicio`, `fecha_fin`, `monto_contrato`, `file_contrato`, `fecha_validacion`, `area_responsable`, `periodo`, `fecha_actualizacion`, `nota`, `active`) VALUES
	(1, 1, 1, 1, 2, 1, 1, 'Sin contrato', '<p>Sin contrato</p>', '<p>Sin contrato</p>', '<p>Sin contrato</p>', '2015-12-10', '2015-12-15', '2015-12-31', 0.00, 'Ciclo_de_Vida_Proyectos.pdf', NULL, NULL, NULL, NULL, NULL, 1),
	(3, 2, 59, 1, 4, 1, 1, 'OA-C047-15', '<p>Servicios de producci&oacute;n de materiales de audio, video e impresos para la Campa&ntilde;a Institucional 2015</p>', '<p>Obtenci&oacute;n de las mejores condiciones para el INAI&nbsp;</p>', '<p>Art. 1. Fracci&oacute;n I del Reglamento de Adquisiciones, Arrendamientos y Servicios del Instituto</p>', '2015-11-20', '2015-11-20', '2015-11-30', 4650000.00, NULL, '2016-09-20', 'Dirección General de Comunicación Social y Difusión', 2016, '2016-09-20', '<p>El servicio de producci&oacute;n de materialesse encuentra integrado por un paquete de 4 spots de televisi&oacute;n de 30 segundos, 4 spots de radio de 30 segundos y 5 gr&aacute;ficos para medios impresos</p>', 1),
	(4, 2, 84, 1, 4, 1, 1, 'OA-C053-15', '<p>Realizaci&oacute;n de un estudio de opini&oacute;n cuantitativo mediante la t&eacute;cnica de encuesta cara a cara a nivel nacional</p>', '<p>Obtenci&oacute;n de las mejores condiciones para el INAI&nbsp;</p>', '<p>Art. 43 del Reglamento de Adquisiciones, Arrendamientos y Servicios del Instituto</p>', '2015-11-30', '2015-12-08', '2015-12-31', 718620.00, NULL, '2016-09-20', 'Dirección General de Comunicación Social y Difusión', 2016, '2016-09-20', NULL, 1),
	(170, 2, 15, 1, 4, 1, 1, 'OA-P143-15', '<p>Servicio de Difusi&oacute;n en medios complementarios y digitales de la Campa&ntilde;a Institucional 2015, difusi&oacute;n de spot de 30 segundos en la aerolinea Aerom&eacute;xico.&nbsp;</p>', '<p>Nivel de alcance, penetraci&oacute;n y recordaci&oacute;n del p&uacute;blico objetivo</p>', '<p>Art. 41. Fracci&oacute;n I del Reglamento de Adquisiciones, Arrendamientos y Servicios del Instituto</p>', '2015-12-21', '2015-12-04', '2015-12-31', 750000.00, NULL, '2016-09-20', 'Dirección General de Comunicación Social y Difusión', 2016, '2016-09-20', '<p>Se acredita con orden de servicio 25/15&nbsp;</p>', 1),
	(171, 2, 95, 1, 4, 1, 1, 'OA-P144-15', '<p>Servicio de Difusi&oacute;n en medios complementarios y digitales de la Campa&ntilde;a Institucional 2015, difusi&oacute;n de spot de 30 segundos en la aerolinea Interjet.&nbsp;</p>', '<p>Nivel de alcance, penetraci&oacute;n y recordaci&oacute;n del p&uacute;blico objetivo</p>', '<p>Art. 41. Fracci&oacute;n I del Reglamento de Adquisiciones, Arrendamientos y Servicios del Instituto</p>', '2015-12-21', '2015-12-15', '2015-12-31', 185600.00, NULL, '2016-09-20', 'Dirección General de Comunicación Social y Difusión', 2016, '2016-09-20', '<p>Se acredita con orden de servicio 26/15&nbsp;</p>', 1),
	(172, 2, 14, 1, 4, 1, 1, 'OA-P145-15', '<p>Servicio de Difusi&oacute;n en medios complementarios y digitales de la Campa&ntilde;a Institucional 2015, difusi&oacute;n de spot de 30 segundos en la aerolinea Volaris.&nbsp;</p>', '<p>Nivel de alcance, penetraci&oacute;n y recordaci&oacute;n del p&uacute;blico objetivo</p>', '<p>Art. 41. Fracci&oacute;n I del Reglamento de Adquisiciones, Arrendamientos y Servicios del Instituto</p>', '2015-12-21', '2015-12-04', '2015-12-31', 315520.00, NULL, '2016-09-20', 'Dirección General de Comunicación Social y Difusión', 2016, '2016-09-20', '<p>Se acredita con orden de servicio 27/15&nbsp;</p>', 1),
	(173, 2, 20, 1, 4, 1, 1, 'OA-P146-15', '<p>Servicio de Difusi&oacute;n en medios complementarios y digitales de la Campa&ntilde;a Institucional 2015, cine minutos en complejos de Cinemex.</p>', '<p>Nivel de alcance, penetraci&oacute;n y recordaci&oacute;n del p&uacute;blico objetivo</p>', '<p>Art. 41. Fracci&oacute;n I del Reglamento de Adquisiciones, Arrendamientos y Servicios del Instituto</p>', '2015-12-21', '2015-12-04', '2015-12-31', 1160000.00, NULL, '2016-09-20', 'Dirección General de Comunicación Social y Difusión', 2016, '2016-09-20', '<p>Se acredita con orden de servicio 28/15&nbsp;</p>', 1),
	(174, 2, 21, 1, 4, 1, 1, 'OA-P147-15', '<p>Servicio de Difusi&oacute;n en medios complementarios y digitales de la Campa&ntilde;a Institucional 2015, cine minutos en complejos de Cinepolis.</p>', '<p>Nivel de alcance, penetraci&oacute;n y recordaci&oacute;n del p&uacute;blico objetivo</p>', '<p>Art. 41. Fracci&oacute;n I del Reglamento de Adquisiciones, Arrendamientos y Servicios del Instituto</p>', '2015-12-21', '2015-12-04', '2015-12-31', 1160000.00, NULL, '2016-09-20', 'Dirección General de Comunicación Social y Difusión', 2016, '2016-09-20', '<p>Se acredita con orden de servicio 29/15&nbsp;</p>', 1),
	(175, 2, 58, 1, 4, 1, 1, 'OA-P148-15', '<p>Servicio de Difusi&oacute;n en medios complementarios y digitales de la Campa&ntilde;a Institucional 2015, difusi&oacute;n en espacios publicitarios en el Tren Suburbano.&nbsp;</p>', '<p>Nivel de alcance, penetraci&oacute;n y recordaci&oacute;n del p&uacute;blico objetivo</p>', '<p>Art. 41. Fracci&oacute;n I del Reglamento de Adquisiciones, Arrendamientos y Servicios del Instituto</p>', '2015-12-21', '2015-12-04', '2015-12-31', 1530040.00, NULL, '2016-09-20', 'Dirección General de Comunicación Social y Difusión', 2016, '2016-09-20', '<p>Se acredita con orden de servicio 30/15&nbsp;</p>', 1),
	(176, 2, 75, 1, 4, 1, 1, 'OA-P149-15', '<p>Servicio de Difusi&oacute;n en medios complementarios y digitales de la Campa&ntilde;a Institucional 2015, difusi&oacute;n en espacios publicitarios en el Metrobus de la Ciudad de M&eacute;xico.&nbsp;</p>', '<p>Nivel de alcance, penetraci&oacute;n y recordaci&oacute;n del p&uacute;blico objetivo</p>', '<p>Art. 41. Fracci&oacute;n I del Reglamento de Adquisiciones, Arrendamientos y Servicios del Instituto</p>', '2015-12-21', '2015-12-04', '2015-12-31', 2259100.00, NULL, '2016-09-20', 'Dirección General de Comunicación Social y Difusión', 2016, '2016-09-20', '<p>Se acredita con orden de servicio 31/15&nbsp;</p>', 1),
	(177, 2, 57, 1, 4, 1, 1, 'OA-P150-15', '<p>Servicio de Difusi&oacute;n en medios digitales de la Campa&ntilde;a Institucional 2015, videos promocionados, tendencia promocionada, cuenta promocionada y tweet promocionado.&nbsp;</p>', '<p>Nivel de alcance, penetraci&oacute;n y recordaci&oacute;n del p&uacute;blico objetivo</p>', '<p>Art. 41. Fracci&oacute;n I del Reglamento de Adquisiciones, Arrendamientos y Servicios del Instituto</p>', '2015-12-21', '2015-12-04', '2015-12-31', 1940000.00, NULL, '2016-09-20', 'Dirección General de Comunicación Social y Difusión', 2016, '2016-09-20', '<p>Se acredita con orden de servicio 32/15&nbsp;</p>', 1),
	(178, 2, 96, 1, 4, 1, 1, 'OA-P151-15', '<p>Servicio de Difusi&oacute;n en medios digitales de la Campa&ntilde;a Institucional 2015, anuncios en medios digitales y motor de busqueda en Google y de Youtube&nbsp;</p>', '<p>Nivel de alcance, penetraci&oacute;n y recordaci&oacute;n del p&uacute;blico objetivo</p>', '<p>Art. 41. Fracci&oacute;n I del Reglamento de Adquisiciones, Arrendamientos y Servicios del Instituto</p>', '2015-12-03', '2015-12-04', '2015-12-31', 2126280.00, NULL, '2016-09-20', 'Dirección General de Comunicación Social y Difusión', 2016, '2016-09-20', '<p>Se acredita con orden de servicio 33/15&nbsp;</p>', 1),
	(179, 2, 19, 1, 4, 1, 1, 'OA-P154-15', '<p>Servicios de producci&oacute;n de c&aacute;psulas informativas para la promoci&oacute;n del ejercicio de los derechos de acceso a la informaci&oacute;n y &nbsp;protecci&oacute;n de los datos personales</p>', '<p>Obtenci&oacute;n de las mejores condiciones para el INAI&nbsp;</p>', '<p>Art. 42. del Reglamento de Adquisiciones, Arrendamientos y Servicios del Instituto</p>', '2015-12-05', '2015-12-05', '2015-12-31', 371200.00, NULL, '2016-09-20', 'Dirección General de Comunicación Social y Difusión', 2016, '2016-09-20', NULL, 1);
/*!40000 ALTER TABLE `tab_contratos` ENABLE KEYS */;

-- Volcando datos para la tabla rusiainf_inai.tab_convenios_modificatorios: ~0 rows (aproximadamente)
/*!40000 ALTER TABLE `tab_convenios_modificatorios` DISABLE KEYS */;
/*!40000 ALTER TABLE `tab_convenios_modificatorios` ENABLE KEYS */;

-- Volcando datos para la tabla rusiainf_inai.tab_facturas: ~167 rows (aproximadamente)
/*!40000 ALTER TABLE `tab_facturas` DISABLE KEYS */;
INSERT INTO `tab_facturas` (`id_factura`, `id_proveedor`, `id_contrato`, `id_orden_compra`, `id_ejercicio`, `id_trimestre`, `id_so_contratante`, `id_presupuesto_concepto`, `numero_factura`, `fecha_erogacion`, `file_factura_pdf`, `file_factura_xml`, `fecha_validacion`, `area_responsable`, `periodo`, `fecha_actualizacion`, `nota`, `active`) VALUES
	(2, 19, 179, 1, 1, 4, 1, 7, '7', '2015-12-05', NULL, NULL, '2016-09-20', 'Dirección General de Comunicación Social y Difusión', 2016, '2016-11-15', NULL, 1),
	(3, 8, 1, 94, 1, 4, 1, 7, '18', '2015-12-02', NULL, NULL, '2016-09-20', 'Dirección General de Comunicación Social y Difusión', 2016, '2016-09-20', '<p>El proovedor bonifica difusi&oacute;n mediante banner estandar por el periodo del 19 al 31 de diciembre de 2015 en el sitio web www.eldictamen.mx</p>', 1),
	(4, 89, 1, 153, 1, 4, 1, 7, '36', '2015-12-12', NULL, NULL, '2016-09-20', 'Dirección General de Comunicación Social y Difusión', 2016, '2016-09-20', NULL, 1),
	(5, 59, 3, 1, 1, 4, 1, 7, '99', '2015-11-20', NULL, NULL, '2016-09-20', 'Dirección General de Comunicación Social y Difusión', 2016, '2016-09-20', '<p>El servicio de producci&oacute;n de materialesse encuentra integrado por un paquete de 4 spots de televisi&oacute;n de 30 segundos, 4 spots de radio de 30 segundos y 5 gr&aacute;ficos para medios impresos</p>', 1),
	(6, 58, 175, 1, 1, 4, 1, 7, '114', '2015-12-21', NULL, NULL, '2016-09-20', 'Dirección General de Comunicación Social y Difusión', 2016, '2016-09-20', '<p>Se acredita con orden de servicio 30/15&nbsp;</p>', 1),
	(7, 66, 1, 108, 1, 4, 1, 7, '124', '2015-12-10', NULL, NULL, '2016-09-20', 'Dirección General de Comunicación Social y Difusión', 2016, '2016-09-20', NULL, 1),
	(8, 89, 1, 151, 1, 4, 1, 7, '252', '2015-12-11', NULL, NULL, '2016-09-20', 'Dirección General de Comunicación Social y Difusión', 2016, '2016-09-20', NULL, 1),
	(9, 92, 1, 132, 1, 4, 1, 4, '283', '2015-09-30', NULL, NULL, '2016-09-20', 'Dirección General de Comunicación Social y Difusión', 2016, '2016-09-20', NULL, 1),
	(10, 88, 1, 134, 1, 4, 1, 4, '296', '2015-10-01', NULL, NULL, '2016-09-20', 'Dirección General de Comunicación Social y Difusión', 2016, '2016-09-20', NULL, 1),
	(11, 92, 1, 147, 1, 4, 1, 7, '323', '2015-12-11', NULL, NULL, '2016-09-20', 'Dirección General de Comunicación Social y Difusión', 2016, '2016-09-20', NULL, 1),
	(12, 20, 173, 1, 1, 4, 1, 7, '432', '2015-12-21', NULL, NULL, '2016-09-20', 'Dirección General de Comunicación Social y Difusión', 2016, '2016-09-20', '<p>Se acredita con orden de servicio 28/15&nbsp;</p>', 1),
	(13, 82, 1, 72, 1, 4, 1, 7, '502', '2015-12-02', NULL, NULL, '2016-09-20', 'Dirección General de Comunicación Social y Difusión', 2016, '2016-09-20', NULL, 1),
	(14, 95, 171, 1, 1, 4, 1, 7, '506', '2015-12-21', NULL, NULL, '2016-09-20', 'Dirección General de Comunicación Social y Difusión', 2016, '2016-09-20', '<p>Se acredita con orden de servicio 26/15&nbsp;</p>', 1),
	(15, 63, 1, 106, 1, 4, 1, 7, '729', '2015-12-10', NULL, NULL, '2016-09-20', 'Dirección General de Comunicación Social y Difusión', 2016, '2016-09-20', NULL, 1),
	(16, 55, 1, 145, 1, 4, 1, 7, '734', '2015-12-02', NULL, NULL, '2016-09-20', 'Dirección General de Comunicación Social y Difusión', 2016, '2016-09-20', NULL, 1),
	(17, 55, 1, 119, 1, 2, 1, 7, '770', '2015-05-07', NULL, NULL, '2016-09-20', 'Dirección General de Comunicación Social y Difusión', 2016, '2016-09-20', NULL, 1),
	(18, 55, 1, 125, 1, 2, 1, 7, '773', '2015-05-14', NULL, NULL, '2016-09-20', 'Dirección General de Comunicación Social y Difusión', 2016, '2016-09-20', NULL, 1),
	(19, 15, 170, 1, 1, 4, 1, 7, '777', '2015-12-21', NULL, NULL, '2016-09-20', 'Dirección General de Comunicación Social y Difusión', 2016, '2016-09-20', '<p>Se acredita con orden de servicio 25/15&nbsp;</p>', 1),
	(20, 55, 1, 118, 1, 1, 1, 7, '780', '2015-01-14', NULL, NULL, '2016-09-20', 'Dirección General de Comunicación Social y Difusión', 2016, '2016-09-20', NULL, 1),
	(21, 55, 1, 120, 1, 1, 1, 7, '781', '2015-02-05', NULL, NULL, '2016-09-20', 'Dirección General de Comunicación Social y Difusión', 2016, '2016-09-20', NULL, 1),
	(22, 55, 1, 122, 1, 1, 1, 7, '782', '2015-03-04', NULL, NULL, '2016-09-20', 'Dirección General de Comunicación Social y Difusión', 2016, '2016-09-20', NULL, 1),
	(23, 55, 1, 124, 1, 1, 1, 7, '783', '2015-03-19', NULL, NULL, '2016-09-20', 'Dirección General de Comunicación Social y Difusión', 2016, '2016-09-20', NULL, 1),
	(24, 55, 1, 126, 1, 2, 1, 7, '784', '2015-04-08', NULL, NULL, '2016-09-20', 'Dirección General de Comunicación Social y Difusión', 2016, '2016-09-20', NULL, 1),
	(25, 55, 1, 139, 1, 1, 1, 7, '788', '2015-03-12', NULL, NULL, '2016-09-20', 'Dirección General de Comunicación Social y Difusión', 2016, '2016-09-20', NULL, 1),
	(26, 55, 1, 140, 1, 3, 1, 7, '789', '2015-06-09', NULL, NULL, '2016-09-20', 'Dirección General de Comunicación Social y Difusión', 2016, '2016-09-20', NULL, 1),
	(27, 55, 1, 141, 1, 4, 1, 7, '790', '2015-10-26', NULL, NULL, '2016-09-20', 'Dirección General de Comunicación Social y Difusión', 2016, '2016-09-20', NULL, 1),
	(28, 55, 1, 142, 1, 4, 1, 7, '791', '2015-11-09', NULL, NULL, '2016-09-20', 'Dirección General de Comunicación Social y Difusión', 2016, '2016-09-20', NULL, 1),
	(29, 55, 1, 143, 1, 4, 1, 7, '792', '2015-11-24', NULL, NULL, '2016-09-20', 'Dirección General de Comunicación Social y Difusión', 2016, '2016-09-20', NULL, 1),
	(30, 55, 1, 146, 1, 4, 1, 7, '795', '2015-12-02', NULL, NULL, '2016-09-20', 'Dirección General de Comunicación Social y Difusión', 2016, '2016-09-20', NULL, 1),
	(31, 55, 1, 144, 1, 4, 1, 7, '796', '2015-11-05', NULL, NULL, '2016-09-20', 'Dirección General de Comunicación Social y Difusión', 2016, '2016-09-20', NULL, 1),
	(32, 55, 1, 137, 1, 3, 1, 7, '797', '2015-09-02', NULL, NULL, '2016-09-20', 'Dirección General de Comunicación Social y Difusión', 2016, '2016-09-20', NULL, 1),
	(33, 55, 1, 138, 1, 4, 1, 7, '798', '2015-10-07', NULL, NULL, '2016-09-20', 'Dirección General de Comunicación Social y Difusión', 2016, '2016-09-20', NULL, 1),
	(34, 55, 1, 129, 1, 3, 1, 7, '799', '2015-07-01', NULL, NULL, '2016-09-20', 'Dirección General de Comunicación Social y Difusión', 2016, '2016-09-20', NULL, 1),
	(35, 55, 1, 131, 1, 3, 1, 7, '800', '2015-08-05', NULL, NULL, '2016-09-20', 'Dirección General de Comunicación Social y Difusión', 2016, '2016-09-20', NULL, 1),
	(36, 55, 1, 121, 1, 2, 1, 7, '803', '2015-05-18', NULL, NULL, '2016-09-20', 'Dirección General de Comunicación Social y Difusión', 2016, '2016-09-20', NULL, 1),
	(37, 55, 1, 127, 1, 2, 1, 7, '804', '2015-06-09', NULL, NULL, '2016-09-20', 'Dirección General de Comunicación Social y Difusión', 2016, '2016-09-20', NULL, 1),
	(38, 55, 1, 130, 1, 3, 1, 7, '805', '2015-07-16', NULL, NULL, '2016-09-20', 'Dirección General de Comunicación Social y Difusión', 2016, '2016-09-20', NULL, 1),
	(39, 55, 1, 123, 1, 2, 1, 7, '807', '2015-05-29', NULL, NULL, '2016-09-20', 'Dirección General de Comunicación Social y Difusión', 2016, '2016-09-20', NULL, 1),
	(40, 55, 1, 128, 1, 2, 1, 7, '808', '2015-06-10', NULL, NULL, '2016-09-20', 'Dirección General de Comunicación Social y Difusión', 2016, '2016-09-20', NULL, 1),
	(41, 55, 1, 154, 1, 4, 1, 7, '809', '2015-12-02', NULL, NULL, '2016-09-20', 'Dirección General de Comunicación Social y Difusión', 2016, '2016-09-20', NULL, 1),
	(42, 55, 1, 155, 1, 4, 1, 7, '811', '2015-12-17', NULL, NULL, '2016-09-20', 'Dirección General de Comunicación Social y Difusión', 2016, '2016-09-20', NULL, 1),
	(43, 65, 1, 46, 1, 4, 1, 7, '895', '2015-12-02', NULL, NULL, '2016-09-20', 'Dirección General de Comunicación Social y Difusión', 2016, '2016-09-20', NULL, 1),
	(44, 65, 1, 107, 1, 4, 1, 7, '896', '2015-12-10', NULL, NULL, '2016-09-20', 'Dirección General de Comunicación Social y Difusión', 2016, '2016-09-20', NULL, 1),
	(45, 6, 1, 114, 1, 4, 1, 7, '938', '2015-12-11', NULL, NULL, '2016-09-20', 'Dirección General de Comunicación Social y Difusión', 2016, '2016-09-20', '<p>La inserci&oacute;n se integra de tres planas</p>', 1),
	(46, 21, 174, 1, 1, 4, 1, 7, '963', '2015-12-21', NULL, NULL, '2016-09-20', 'Dirección General de Comunicación Social y Difusión', 2016, '2016-09-20', '<p>Se acredita con orden de servicio 29/15&nbsp;</p>', 1),
	(47, 86, 1, 133, 1, 4, 1, 4, '989', '2015-10-02', NULL, NULL, '2016-09-20', 'Dirección General de Comunicación Social y Difusión', 2016, '2016-09-20', NULL, 1),
	(48, 86, 1, 136, 1, 4, 1, 4, '1034', '2015-11-17', NULL, NULL, '2016-09-20', 'Dirección General de Comunicación Social y Difusión', 2016, '2016-09-20', NULL, 1),
	(49, 67, 1, 31, 1, 4, 1, 4, '1036', '2015-09-22', NULL, NULL, '2016-09-20', 'Dirección General de Comunicación Social y Difusión', 2016, '2016-09-20', NULL, 1),
	(50, 86, 1, 148, 1, 4, 1, 7, '1070', '2015-12-11', NULL, NULL, '2016-09-20', 'Dirección General de Comunicación Social y Difusión', 2016, '2016-09-20', NULL, 1),
	(51, 60, 1, 45, 1, 4, 1, 4, '1078', '2015-11-13', NULL, NULL, '2016-09-20', 'Dirección General de Comunicación Social y Difusión', 2016, '2016-09-20', NULL, 1),
	(52, 14, 172, 1, 1, 4, 1, 7, '1138', '2015-12-21', NULL, NULL, '2016-09-20', 'Dirección General de Comunicación Social y Difusión', 2016, '2016-09-20', '<p>Se acredita con orden de servicio 27/15&nbsp;</p>', 1),
	(53, 91, 1, 152, 1, 4, 1, 7, '1264', '2015-12-11', NULL, NULL, '2016-09-20', 'Dirección General de Comunicación Social y Difusión', 2016, '2016-09-20', NULL, 1),
	(54, 27, 1, 67, 1, 4, 1, 7, '1293', '2015-12-02', NULL, NULL, '2016-09-20', 'Dirección General de Comunicación Social y Difusión', 2016, '2016-09-20', NULL, 1),
	(55, 24, 1, 63, 1, 4, 1, 7, '1593', '2015-12-02', NULL, NULL, '2016-09-20', 'Dirección General de Comunicación Social y Difusión', 2016, '2016-09-20', NULL, 1),
	(56, 23, 1, 71, 1, 4, 1, 7, '1598', '2015-12-02', NULL, NULL, '2016-09-20', 'Dirección General de Comunicación Social y Difusión', 2016, '2016-09-20', NULL, 1),
	(57, 11, 1, 116, 1, 4, 1, 7, '1977', '2015-12-11', NULL, NULL, '2016-09-20', 'Dirección General de Comunicación Social y Difusión', 2016, '2016-09-20', '<p>La inserci&oacute;n se integra de tres planas</p>', 1),
	(58, 4, 1, 5, 1, 2, 1, 4, '1987', '2015-05-19', NULL, NULL, '2016-09-20', 'Dirección General de Comunicación Social y Difusión', 2016, '2016-09-20', NULL, 1),
	(59, 69, 1, 109, 1, 4, 1, 7, '2045', '2015-12-10', NULL, NULL, '2016-09-20', 'Dirección General de Comunicación Social y Difusión', 2016, '2016-09-20', NULL, 1),
	(60, 4, 1, 17, 1, 2, 1, 4, '2374', '2015-06-20', NULL, NULL, '2016-09-20', 'Dirección General de Comunicación Social y Difusión', 2016, '2016-09-20', NULL, 1),
	(61, 49, 1, 79, 1, 4, 1, 7, '2424', '2015-12-02', NULL, NULL, '2016-09-20', 'Dirección General de Comunicación Social y Difusión', 2016, '2016-09-20', NULL, 1),
	(62, 77, 1, 90, 1, 4, 1, 7, '2506', '2015-12-02', NULL, NULL, '2016-09-20', 'Dirección General de Comunicación Social y Difusión', 2016, '2016-09-20', NULL, 1),
	(63, 78, 1, 75, 1, 4, 1, 7, '2550', '2015-12-02', NULL, NULL, '2016-09-20', 'Dirección General de Comunicación Social y Difusión', 2016, '2016-09-20', NULL, 1),
	(64, 44, 1, 48, 1, 4, 1, 7, '2622', '2015-12-02', NULL, NULL, '2016-09-20', 'Dirección General de Comunicación Social y Difusión', 2016, '2016-09-20', NULL, 1),
	(65, 44, 1, 62, 1, 4, 1, 7, '2623', '2015-12-02', NULL, NULL, '2016-09-20', 'Dirección General de Comunicación Social y Difusión', 2016, '2016-09-20', NULL, 1),
	(66, 75, 176, 1, 1, 4, 1, 7, '2900', '2015-12-21', NULL, NULL, '2016-09-20', 'Dirección General de Comunicación Social y Difusión', 2016, '2016-09-20', '<p>Se acredita con orden de servicio 31/15&nbsp;</p>', 1),
	(67, 4, 1, 117, 1, 4, 1, 7, '3033', '2015-12-11', NULL, NULL, '2016-09-20', 'Dirección General de Comunicación Social y Difusión', 2016, '2016-09-20', NULL, 1),
	(68, 52, 1, 10, 1, 1, 1, 4, '3119', '2015-01-27', NULL, NULL, '2016-09-20', 'Dirección General de Comunicación Social y Difusión', 2016, '2016-09-20', NULL, 1),
	(69, 52, 1, 22, 1, 1, 1, 4, '3120', '2015-01-27', NULL, NULL, '2016-09-20', 'Dirección General de Comunicación Social y Difusión', 2016, '2016-09-20', NULL, 1),
	(70, 52, 1, 24, 1, 1, 1, 4, '3121', '2015-01-27', NULL, NULL, '2016-09-20', 'Dirección General de Comunicación Social y Difusión', 2016, '2016-09-20', NULL, 1),
	(71, 52, 1, 26, 1, 1, 1, 4, '3122', '2015-01-27', NULL, NULL, '2016-09-20', 'Dirección General de Comunicación Social y Difusión', 2016, '2016-09-20', NULL, 1),
	(72, 52, 1, 28, 1, 1, 1, 4, '3123', '2015-01-27', NULL, NULL, '2016-09-20', 'Dirección General de Comunicación Social y Difusión', 2016, '2016-09-20', NULL, 1),
	(73, 56, 1, 68, 1, 4, 1, 7, '3215', '2015-12-02', NULL, NULL, '2016-09-20', 'Dirección General de Comunicación Social y Difusión', 2016, '2016-09-20', NULL, 1),
	(74, 10, 1, 91, 1, 4, 1, 7, '4827', '2015-12-02', NULL, NULL, '2016-09-20', 'Dirección General de Comunicación Social y Difusión', 2016, '2016-09-20', '<p>El proovedor bonifica difusi&oacute;n mediante banner estandar por el periodo del 19 al 31 de diciembre de 2015 en el sitio web www.expreso.press</p>', 1),
	(75, 33, 1, 52, 1, 4, 1, 7, '5144', '2015-12-02', NULL, NULL, '2016-09-20', 'Dirección General de Comunicación Social y Difusión', 2016, '2016-09-20', NULL, 1),
	(76, 71, 1, 87, 1, 4, 1, 7, '5452', '2015-12-02', NULL, NULL, '2016-09-20', 'Dirección General de Comunicación Social y Difusión', 2016, '2016-09-20', '<p>El proovedor bonifica difusi&oacute;n mediante banner estandar por el periodo del 19 al 31 de diciembre de 2015 en el sitio web www.nuevod&iacute;a.com.mx</p>', 1),
	(77, 6, 1, 38, 1, 2, 1, 4, '5640', '2015-04-29', NULL, NULL, '2016-09-20', 'Dirección General de Comunicación Social y Difusión', 2016, '2016-09-20', NULL, 1),
	(78, 73, 1, 59, 1, 4, 1, 7, '5669', '2015-12-02', NULL, NULL, '2016-09-20', 'Dirección General de Comunicación Social y Difusión', 2016, '2016-09-20', NULL, 1),
	(79, 2, 1, 6, 1, 1, 1, 4, '6041', '2015-01-23', NULL, NULL, '2016-09-20', 'Dirección General de Comunicación Social y Difusión', 2016, '2016-09-20', NULL, 1),
	(80, 68, 1, 103, 1, 4, 1, 7, '6350', '2015-12-10', NULL, NULL, '2016-09-20', 'Dirección General de Comunicación Social y Difusión', 2016, '2016-09-20', NULL, 1),
	(81, 48, 1, 51, 1, 4, 1, 7, '6368', '2015-12-02', NULL, NULL, '2016-09-20', 'Dirección General de Comunicación Social y Difusión', 2016, '2016-09-20', NULL, 1),
	(82, 9, 1, 76, 1, 4, 1, 7, '6702', '2015-12-02', NULL, NULL, '2016-09-20', 'Dirección General de Comunicación Social y Difusión', 2016, '2016-09-20', NULL, 1),
	(83, 62, 1, 110, 1, 4, 1, 7, '7142', '2015-12-11', NULL, NULL, '2016-09-20', 'Dirección General de Comunicación Social y Difusión', 2016, '2016-09-20', NULL, 1),
	(84, 2, 1, 7, 1, 2, 1, 4, '7317', '2015-05-22', NULL, NULL, '2016-09-20', 'Dirección General de Comunicación Social y Difusión', 2016, '2016-09-20', NULL, 1),
	(85, 2, 1, 21, 1, 2, 1, 4, '8094', '2015-06-22', NULL, NULL, '2016-09-20', 'Dirección General de Comunicación Social y Difusión', 2016, '2016-09-20', NULL, 1),
	(86, 2, 1, 27, 1, 3, 1, 4, '8162', '2015-08-20', NULL, NULL, '2016-09-20', 'Dirección General de Comunicación Social y Difusión', 2016, '2016-09-20', NULL, 1),
	(87, 13, 1, 77, 1, 4, 1, 7, '8215', '2015-12-02', NULL, NULL, '2016-09-20', 'Dirección General de Comunicación Social y Difusión', 2016, '2016-09-20', NULL, 1),
	(88, 2, 1, 35, 1, 4, 1, 4, '8962', '2015-09-30', NULL, NULL, '2016-09-20', 'Dirección General de Comunicación Social y Difusión', 2016, '2016-09-20', NULL, 1),
	(89, 57, 177, 1, 1, 4, 1, 7, '9071', '2015-12-21', NULL, NULL, '2016-09-20', 'Dirección General de Comunicación Social y Difusión', 2016, '2016-09-20', '<p>Se acredita con orden de servicio 32/15&nbsp;</p>', 1),
	(90, 2, 1, 43, 1, 4, 1, 4, '9341', '2015-11-13', NULL, NULL, '2016-09-20', 'Dirección General de Comunicación Social y Difusión', 2016, '2016-09-20', NULL, 1),
	(91, 2, 1, 99, 1, 4, 1, 7, '9739', '2015-12-03', NULL, NULL, '2016-09-20', 'Dirección General de Comunicación Social y Difusión', 2016, '2016-09-20', NULL, 1),
	(92, 2, 1, 102, 1, 4, 1, 4, '9740', '2015-12-09', NULL, NULL, '2016-09-20', 'Dirección General de Comunicación Social y Difusión', 2016, '2016-09-20', NULL, 1),
	(93, 2, 1, 113, 1, 4, 1, 7, '9757', '2015-12-11', NULL, NULL, '2016-09-20', 'Dirección General de Comunicación Social y Difusión', 2016, '2016-09-20', '<p>La inserci&oacute;n se integra de tres publicaciones con las siguientes caracter&iacute;sticas: dos robaplana y &nbsp;1/4 de plana&nbsp;</p>', 1),
	(94, 35, 1, 84, 1, 4, 1, 7, '10116', '2015-12-02', NULL, NULL, '2016-09-20', 'Dirección General de Comunicación Social y Difusión', 2016, '2016-09-20', NULL, 1),
	(95, 40, 1, 12, 1, 1, 1, 4, '11129', '2015-01-27', NULL, NULL, '2016-09-20', 'Dirección General de Comunicación Social y Difusión', 2016, '2016-09-20', NULL, 1),
	(96, 29, 1, 74, 1, 4, 1, 7, '12281', '2015-12-02', NULL, NULL, '2016-09-20', 'Dirección General de Comunicación Social y Difusión', 2016, '2016-09-20', NULL, 1),
	(97, 5, 1, 34, 1, 1, 1, 4, '12584', '2015-01-27', NULL, NULL, '2016-09-20', 'Dirección General de Comunicación Social y Difusión', 2016, '2016-09-20', NULL, 1),
	(98, 7, 1, 156, 1, 4, 1, 7, '13257', '2015-12-02', NULL, NULL, '2016-09-20', 'Dirección General de Comunicación Social y Difusión', 2016, '2016-09-20', NULL, 1),
	(99, 76, 1, 60, 1, 4, 1, 7, '14356', '2015-12-02', NULL, NULL, '2016-09-20', 'Dirección General de Comunicación Social y Difusión', 2016, '2016-09-20', NULL, 1),
	(100, 50, 1, 88, 1, 4, 1, 7, '15347', '2015-12-02', NULL, NULL, '2016-09-20', 'Dirección General de Comunicación Social y Difusión', 2016, '2016-09-20', NULL, 1),
	(101, 8, 1, 20, 1, 1, 1, 4, '15844', '2015-01-27', NULL, NULL, '2016-09-20', 'Dirección General de Comunicación Social y Difusión', 2016, '2016-09-20', NULL, 1),
	(102, 34, 1, 50, 1, 4, 1, 7, '16306', '2015-12-02', NULL, NULL, '2016-09-20', 'Dirección General de Comunicación Social y Difusión', 2016, '2016-09-20', NULL, 1),
	(103, 50, 1, 89, 1, 4, 1, 7, '17599', '2015-12-02', NULL, NULL, '2016-09-20', 'Dirección General de Comunicación Social y Difusión', 2016, '2016-09-20', '<p>El proovedor bonifica difusi&oacute;n mediante banner estandar por el periodo del 19 al 31 de diciembre de 2015 en el sitio web www.diariopresente.com.mx</p>', 1),
	(104, 38, 1, 73, 1, 4, 1, 7, '19315', '2015-12-02', NULL, NULL, '2016-09-20', 'Dirección General de Comunicación Social y Difusión', 2016, '2016-09-20', NULL, 1),
	(105, 39, 1, 65, 1, 4, 1, 7, '19374', '2015-12-02', NULL, NULL, '2016-09-20', 'Dirección General de Comunicación Social y Difusión', 2016, '2016-09-20', NULL, 1),
	(106, 39, 1, 66, 1, 4, 1, 7, '19375', '2015-12-02', NULL, NULL, '2016-09-20', 'Dirección General de Comunicación Social y Difusión', 2016, '2016-09-20', NULL, 1),
	(107, 12, 1, 49, 1, 4, 1, 7, '19670', '2015-12-02', NULL, NULL, '2016-09-20', 'Dirección General de Comunicación Social y Difusión', 2016, '2016-09-20', NULL, 1),
	(108, 93, 1, 32, 1, 1, 1, 4, '21003', '2015-01-27', NULL, NULL, '2016-09-20', 'Dirección General de Comunicación Social y Difusión', 2016, '2016-09-20', NULL, 1),
	(109, 31, 1, 61, 1, 4, 1, 7, '21140', '2015-12-02', NULL, NULL, '2016-09-20', 'Dirección General de Comunicación Social y Difusión', 2016, '2016-09-20', NULL, 1),
	(110, 16, 1, 30, 1, 1, 1, 4, '24625', '2015-01-27', NULL, NULL, '2016-09-20', 'Dirección General de Comunicación Social y Difusión', 2016, '2016-09-20', NULL, 1),
	(111, 51, 1, 81, 1, 4, 1, 7, '24817', '2015-12-02', NULL, NULL, '2016-09-20', 'Dirección General de Comunicación Social y Difusión', 2016, '2016-09-20', NULL, 1),
	(112, 93, 1, 47, 1, 4, 1, 7, '24951', '2015-12-02', NULL, NULL, '2016-09-20', 'Dirección General de Comunicación Social y Difusión', 2016, '2016-09-20', NULL, 1),
	(113, 25, 1, 96, 1, 4, 1, 7, '25499', '2015-12-02', NULL, NULL, '2016-09-20', 'Dirección General de Comunicación Social y Difusión', 2016, '2016-09-20', '<p>El proovedor bonifica difusi&oacute;n mediante banner estandar por el periodo del 19 al 31 de diciembre de 2015 en el sitio web www.sipse.com</p>', 1),
	(114, 32, 1, 85, 1, 4, 1, 7, '25640', '2015-12-02', NULL, NULL, '2016-09-20', 'Dirección General de Comunicación Social y Difusión', 2016, '2016-09-20', '<p>El proovedor bonifica difusi&oacute;n mediante banner estandar por el periodo del 19 al 31 de diciembre de 2015 en el sitio web www.diariodelyaqui.mx</p>', 1),
	(115, 43, 1, 18, 1, 1, 1, 4, '28115', '2015-01-27', NULL, NULL, '2016-09-20', 'Dirección General de Comunicación Social y Difusión', 2016, '2016-09-20', NULL, 1),
	(116, 36, 1, 83, 1, 4, 1, 7, '28687', '2015-12-02', NULL, NULL, '2016-09-20', 'Dirección General de Comunicación Social y Difusión', 2016, '2016-09-20', NULL, 1),
	(117, 80, 1, 56, 1, 4, 1, 7, '29674', '2015-12-02', NULL, NULL, '2016-09-20', 'Dirección General de Comunicación Social y Difusión', 2016, '2016-09-20', NULL, 1),
	(118, 30, 1, 14, 1, 1, 1, 4, '32171', '2015-01-27', NULL, NULL, '2016-09-20', 'Dirección General de Comunicación Social y Difusión', 2016, '2016-09-20', NULL, 1),
	(119, 84, 4, 1, 1, 4, 1, 7, '36662', '2015-11-30', NULL, NULL, '2016-09-20', 'Dirección General de Comunicación Social y Difusión', 2016, '2016-09-20', NULL, 1),
	(120, 26, 1, 64, 1, 4, 1, 7, '37749', '2015-12-02', NULL, NULL, '2016-09-20', 'Dirección General de Comunicación Social y Difusión', 2016, '2016-09-20', NULL, 1),
	(121, 16, 1, 54, 1, 4, 1, 7, '37859', '2015-12-02', NULL, NULL, '2016-09-20', 'Dirección General de Comunicación Social y Difusión', 2016, '2016-09-20', NULL, 1),
	(122, 16, 1, 55, 1, 4, 1, 7, '37861', '2015-12-02', NULL, NULL, '2016-09-20', 'Dirección General de Comunicación Social y Difusión', 2016, '2016-09-20', NULL, 1),
	(123, 16, 1, 69, 1, 4, 1, 7, '37862', '2015-12-02', NULL, NULL, '2016-09-20', 'Dirección General de Comunicación Social y Difusión', 2016, '2016-09-20', NULL, 1),
	(124, 16, 1, 70, 1, 4, 1, 7, '37867', '2015-12-02', NULL, NULL, '2016-09-20', 'Dirección General de Comunicación Social y Difusión', 2016, '2016-09-20', NULL, 1),
	(125, 72, 1, 80, 1, 4, 1, 7, '39621', '2015-12-02', NULL, NULL, '2016-09-20', 'Dirección General de Comunicación Social y Difusión', 2016, '2016-09-20', NULL, 1),
	(126, 45, 1, 58, 1, 4, 1, 7, '39650', '2015-12-02', NULL, NULL, '2016-09-20', 'Dirección General de Comunicación Social y Difusión', 2016, '2016-09-20', NULL, 1),
	(127, 45, 1, 92, 1, 4, 1, 7, '39651', '2015-12-02', NULL, NULL, '2016-09-20', 'Dirección General de Comunicación Social y Difusión', 2016, '2016-09-20', '<p>El proovedor bonifica difusi&oacute;n mediante banner estandar por el periodo del 19 al 31 de diciembre de 2015 en el sitio web www.elmundodecordova.com&nbsp;</p>', 1),
	(128, 97, 1, 86, 1, 4, 1, 7, '41324', '2015-12-02', NULL, NULL, '2016-09-20', 'Dirección General de Comunicación Social y Difusión', 2016, '2016-09-20', '<p>El proovedor bonifica difusi&oacute;n mediante banner estandar por el periodo del 19 al 31 de diciembre de 2015 en el sitio web www.expreso.com.mx</p>', 1),
	(129, 28, 1, 53, 1, 4, 1, 7, '50878', '2015-12-02', NULL, NULL, '2016-09-20', 'Dirección General de Comunicación Social y Difusión', 2016, '2016-09-20', NULL, 1),
	(130, 61, 1, 105, 1, 4, 1, 7, '54430', '2015-12-10', NULL, NULL, '2016-09-20', 'Dirección General de Comunicación Social y Difusión', 2016, '2016-09-20', NULL, 1),
	(131, 83, 1, 93, 1, 4, 1, 7, '65439', '2015-12-02', NULL, NULL, '2016-09-20', 'Dirección General de Comunicación Social y Difusión', 2016, '2016-09-20', '<p>El proovedor bonifica difusi&oacute;n mediante banner estandar por el periodo del 19 al 31 de diciembre de 2015 en el sitio web www.laopinon.com.mx</p>', 1),
	(132, 35, 1, 82, 1, 4, 1, 7, '70181', '2015-12-02', NULL, NULL, '2016-09-20', 'Dirección General de Comunicación Social y Difusión', 2016, '2016-09-20', NULL, 1),
	(133, 25, 1, 95, 1, 4, 1, 7, '77713', '2015-12-02', NULL, NULL, '2016-09-20', 'Dirección General de Comunicación Social y Difusión', 2016, '2016-09-20', NULL, 1),
	(134, 5, 1, 8, 1, 1, 1, 4, '127563', '2015-01-23', NULL, NULL, '2016-09-20', 'Dirección General de Comunicación Social y Difusión', 2016, '2016-09-20', NULL, 1),
	(135, 5, 1, 15, 1, 2, 1, 4, '129712', '2015-06-18', NULL, NULL, '2016-09-20', 'Dirección General de Comunicación Social y Difusión', 2016, '2016-09-20', NULL, 1),
	(136, 5, 1, 9, 1, 2, 1, 4, '129743', '2015-05-22', NULL, NULL, '2016-09-20', 'Dirección General de Comunicación Social y Difusión', 2016, '2016-09-20', NULL, 1),
	(137, 5, 1, 29, 1, 3, 1, 4, '130792', '2015-08-21', NULL, NULL, '2016-09-20', 'Dirección General de Comunicación Social y Difusión', 2016, '2016-09-20', NULL, 1),
	(138, 5, 1, 37, 1, 4, 1, 4, '131459', '2015-10-01', NULL, NULL, '2016-09-20', 'Dirección General de Comunicación Social y Difusión', 2016, '2016-09-20', NULL, 1),
	(139, 5, 1, 97, 1, 4, 1, 7, '132778', '2015-12-03', NULL, NULL, '2016-09-20', 'Dirección General de Comunicación Social y Difusión', 2016, '2016-09-20', NULL, 1),
	(140, 5, 1, 44, 1, 4, 1, 4, '132802', '2015-11-13', NULL, NULL, '2016-09-20', 'Dirección General de Comunicación Social y Difusión', 2016, '2016-09-20', NULL, 1),
	(141, 5, 1, 112, 1, 4, 1, 7, '132807', '2015-12-11', NULL, NULL, '2016-09-20', 'Dirección General de Comunicación Social y Difusión', 2016, '2016-09-20', '<p>La inserci&oacute;n se integra de tres publicaciones con las siguientes caracter&iacute;sticas: dos robaplana y &nbsp;1/4 de plana&nbsp;</p>', 1),
	(142, 1, 1, 4, 1, 1, 1, 4, '143410', '2015-01-06', NULL, NULL, '2016-09-20', 'Dirección General de Comunicación Social y Difusión', 2016, '2016-09-20', NULL, 1),
	(143, 1, 1, 40, 1, 2, 1, 4, '149792', '2015-04-29', NULL, NULL, '2016-09-20', 'Dirección General de Comunicación Social y Difusión', 2016, '2016-09-20', NULL, 1),
	(144, 41, 1, 78, 1, 4, 1, 7, '151511', '2015-12-02', NULL, NULL, '2016-09-20', 'Dirección General de Comunicación Social y Difusión', 2016, '2016-09-20', NULL, 1),
	(145, 41, 1, 57, 1, 4, 1, 7, '151512', '2015-12-02', NULL, NULL, '2016-09-20', 'Dirección General de Comunicación Social y Difusión', 2016, '2016-09-20', NULL, 1),
	(146, 1, 1, 11, 1, 2, 1, 4, '152703', '2015-05-25', NULL, NULL, '2016-09-20', 'Dirección General de Comunicación Social y Difusión', 2016, '2016-09-20', NULL, 1),
	(147, 1, 1, 19, 1, 2, 1, 4, '153657', '2015-06-19', NULL, NULL, '2016-09-20', 'Dirección General de Comunicación Social y Difusión', 2016, '2016-09-20', NULL, 1),
	(148, 64, 1, 104, 1, 4, 1, 7, '155392', '2015-12-10', NULL, NULL, '2016-09-20', 'Dirección General de Comunicación Social y Difusión', 2016, '2016-09-20', NULL, 1),
	(149, 1, 1, 25, 1, 3, 1, 4, '157856', '2015-06-19', NULL, NULL, '2016-09-20', 'Dirección General de Comunicación Social y Difusión', 2016, '2016-09-20', NULL, 1),
	(150, 1, 1, 33, 1, 4, 1, 4, '159818', '2015-09-30', NULL, NULL, '2016-09-20', 'Dirección General de Comunicación Social y Difusión', 2016, '2016-09-20', NULL, 1),
	(151, 1, 1, 41, 1, 4, 1, 4, '162329', '2015-11-09', NULL, NULL, '2016-09-20', 'Dirección General de Comunicación Social y Difusión', 2016, '2016-09-20', NULL, 1),
	(152, 1, 1, 101, 1, 4, 1, 4, '164417', '2015-12-09', NULL, NULL, '2016-09-20', 'Dirección General de Comunicación Social y Difusión', 2016, '2016-09-20', NULL, 1),
	(153, 1, 1, 42, 1, 4, 1, 4, '164418', '2015-11-12', NULL, NULL, '2016-09-20', 'Dirección General de Comunicación Social y Difusión', 2016, '2016-09-20', NULL, 1),
	(154, 1, 1, 100, 1, 4, 1, 7, '164419', '2015-12-03', NULL, NULL, '2016-09-20', 'Dirección General de Comunicación Social y Difusión', 2016, '2016-09-20', NULL, 1),
	(155, 1, 1, 115, 1, 4, 1, 7, '164709', '2015-12-11', NULL, NULL, '2016-09-20', 'Dirección General de Comunicación Social y Difusión', 2016, '2016-09-20', '<p>La inserci&oacute;n se integra de tres publicaciones con las siguientes caracter&iacute;sticas: dos robaplana y &nbsp;1/4 de plana&nbsp;</p>', 1),
	(156, 1, 1, 149, 1, 4, 1, 7, '164755', '2015-12-11', NULL, NULL, '2016-09-20', 'Dirección General de Comunicación Social y Difusión', 2016, '2016-09-20', NULL, 1),
	(157, 1, 1, 135, 1, 4, 1, 7, '165444', '2015-11-14', NULL, NULL, '2016-09-20', 'Dirección General de Comunicación Social y Difusión', 2016, '2016-09-20', '<p>Erogacion asociada a la partida 33605</p>', 1),
	(158, 47, 1, 16, 1, 1, 1, 4, '192801', '2015-01-27', NULL, NULL, '2016-09-20', 'Dirección General de Comunicación Social y Difusión', 2016, '2016-09-20', NULL, 1),
	(159, 47, 1, 36, 1, 2, 1, 4, '201055', '2015-04-29', NULL, NULL, '2016-09-20', 'Dirección General de Comunicación Social y Difusión', 2016, '2016-09-20', NULL, 1),
	(160, 47, 1, 13, 1, 2, 1, 4, '204707', '2015-05-25', NULL, NULL, '2016-09-20', 'Dirección General de Comunicación Social y Difusión', 2016, '2016-09-20', NULL, 1),
	(161, 47, 1, 23, 1, 2, 1, 4, '210699', '2015-06-22', NULL, NULL, '2016-09-20', 'Dirección General de Comunicación Social y Difusión', 2016, '2016-09-20', NULL, 1),
	(162, 47, 1, 39, 1, 4, 1, 4, '220484', '2015-10-02', NULL, NULL, '2016-09-20', 'Dirección General de Comunicación Social y Difusión', 2016, '2016-09-20', NULL, 1),
	(163, 47, 1, 98, 1, 4, 1, 7, '223119', '2015-12-03', NULL, NULL, '2016-09-20', 'Dirección General de Comunicación Social y Difusión', 2016, '2016-09-20', NULL, 1),
	(164, 47, 1, 111, 1, 4, 1, 7, '223403', '2015-12-11', NULL, NULL, '2016-09-20', 'Dirección General de Comunicación Social y Difusión', 2016, '2016-09-20', '<p>La inserci&oacute;n se integra de tres publicaciones con las siguientes caracter&iacute;sticas: una robaplana y dos 1/4 de plana&nbsp;</p>', 1),
	(165, 96, 178, 1, 1, 4, 1, 7, '402964', '2015-12-03', NULL, NULL, '2016-09-20', 'Dirección General de Comunicación Social y Difusión', 2016, '2016-09-20', '<p>Se acredita con orden de servicio 33/15&nbsp;</p>', 1),
	(166, 88, 1, 150, 1, 4, 1, 7, 'B(Validar DGCSD)', '2015-12-11', NULL, NULL, '2016-09-20', 'Dirección General de Comunicación Social y Difusión', 2016, '2016-09-20', NULL, 1),
	(170, 22, 1, 162, 1, 4, 1, 3, '1567', '2015-11-30', NULL, NULL, '2016-09-20', 'Dirección General de Comunicación Social y Difusión', 2016, '2016-09-20', NULL, 1),
	(171, 79, 1, 161, 1, 2, 1, 3, 'A(validar DGCSD)', '2015-11-30', NULL, NULL, '2016-09-20', 'Dirección General de Comunicación Social y Difusión', 2016, '2016-09-20', NULL, 1);
/*!40000 ALTER TABLE `tab_facturas` ENABLE KEYS */;

-- Volcando datos para la tabla rusiainf_inai.tab_facturas_desglose: ~167 rows (aproximadamente)
/*!40000 ALTER TABLE `tab_facturas_desglose` DISABLE KEYS */;
INSERT INTO `tab_facturas_desglose` (`id_factura_desglose`, `id_factura`, `id_campana_aviso`, `id_servicio_clasificacion`, `id_servicio_categoria`, `id_servicio_subcategoria`, `id_servicio_unidad`, `id_so_solicitante`, `numero_partida`, `descripcion_servicios`, `cantidad`, `precio_unitarios`, `monto_desglose`, `area_administrativa`, `fecha_validacion`, `area_responsable`, `periodo`, `fecha_actualizacion`, `nota`, `active`) VALUES
	(1, 2, 12, 2, 7, 66, 164, 1, 1, '<p>Nombre comercial del proveedor: Auch TV;</p>\n<p>Cobertura: NA; &nbsp;</p>\n<p>&Aacute;mbito geogr&aacute;fico de cobertura: NA;</p>\n<p>Fecha de inicio: ;</p>\n<p>Fecha de t&eacute;rmino: ;</p>\n<p>Grupo(s) de edad: 0;</p>\n<p>Lugar de residencia: 0;</p>\n<p>Nivel &nbsp;sociecon&oacute;mico: 0;</p>\n<p>Nivel educativo: 0;</p>\n<p>Sexo: 0;</p>\n<p>Unidad del servicio o producto adquirido: C&aacute;psulas;</p>', 1.00, 371200.00, 371200.00, NULL, '2016-11-15', 'Dirección General de Comunicación Social y Difusión', 2016, '2016-09-20', NULL, 1),
	(6, 3, 12, 1, 4, 20, 58, 1, 0, '<p>Nombre comercial del proveedor: El Dictamen;</p>\n\n<p>Cobertura: estatal; &nbsp;</p>\n\n<p>&Aacute;mbito geogr&aacute;fico de cobertura: Veracruz;</p>\n\n<p>Fecha de inicio: 02/12/2015;</p>\n\n<p>Fecha de t&eacute;rmino: 31/12/2015;</p>\n\n<p>Grupo(s) de edad: 17-55;</p>\n\n<p>Lugar de residencia: Veracruz;</p>\n\n<p>Nivel &nbsp;sociecon&oacute;mico: A/B/C+ 50%, C 22%, D+ 14%, D 14% ;</p>\n\n<p>Nivel educativo: 0;</p>\n\n<p>Sexo: Ambos;</p>', 2.00, 16473.69, 32947.38, NULL, '2016-09-20', 'Dirección General de Comunicación Social y Difusión', 2016, '2016-09-20', NULL, 1),
	(7, 4, 12, 1, 6, 2, 3, 1, 0, '<p>Nombre comercial del proveedor: http://ww.entresemana.mx;</p>\n\n<p>Cobertura: nacional; &nbsp;</p>\n\n<p>&Aacute;mbito geogr&aacute;fico de cobertura: Nacional;</p>\n\n<p>Fecha de inicio: ;</p>\n\n<p>Fecha de t&eacute;rmino: ;</p>\n\n<p>Grupo(s) de edad: 0;</p>\n\n<p>Lugar de residencia: Nacional ;</p>\n\n<p>Nivel &nbsp;sociecon&oacute;mico: 0;</p>\n\n<p>Nivel educativo: 0;</p>\n\n<p>Sexo: Ambos;</p>', 1.00, 46400.00, 46400.00, NULL, '2016-09-20', 'Dirección General de Comunicación Social y Difusión', 2016, '2016-09-20', NULL, 1),
	(8, 5, 12, 2, 7, 66, 164, 1, 0, '<p>Producci&oacute;n de spots</p>\n\n<p>Nombre comercial del proveedor: SPR;</p>\n\n<p>Cobertura: NA; &nbsp;</p>\n\n<p>&Aacute;mbito geogr&aacute;fico de cobertura: NA;</p>\n\n<p>Fecha de inicio: ;</p>\n\n<p>Fecha de t&eacute;rmino: ;</p>\n\n<p>Grupo(s) de edad: 0;</p>\n\n<p>Lugar de residencia: 0;</p>\n\n<p>Nivel &nbsp;sociecon&oacute;mico: 0;</p>\n\n<p>Nivel educativo: 0;</p>\n\n<p>Sexo: 0;</p>\n\n<p>&nbsp;</p>', 1.00, 4650000.00, 4650000.00, NULL, '2016-09-20', 'Dirección General de Comunicación Social y Difusión', 2016, '2016-09-20', NULL, 1),
	(9, 6, 12, 1, 5, 10, 33, 1, 0, '<p>Nombre comercial del proveedor: Tren Suburbano;</p>\n\n<p>Cobertura: estatal; &nbsp;</p>\n\n<p>&Aacute;mbito geogr&aacute;fico de cobertura: Estado de &nbsp;M&eacute;xico y Ciudad de M&eacute;xico;</p>\n\n<p>Fecha de inicio: ;</p>\n\n<p>Fecha de t&eacute;rmino: ;</p>\n\n<p>Grupo(s) de edad: 0;</p>\n\n<p>Lugar de residencia: Nacional;</p>\n\n<p>Nivel &nbsp;sociecon&oacute;mico: 0;</p>\n\n<p>Nivel educativo: 0;</p>\n\n<p>Sexo: Ambos ;</p>', 1.00, 1530040.00, 1530040.00, NULL, '2016-09-20', 'Dirección General de Comunicación Social y Difusión', 2016, '2016-09-20', NULL, 1),
	(10, 7, 12, 1, 4, 24, 81, 1, 0, '<p>Nombre comercial del proveedor: Revista el Contribuyente;</p>\n\n<p>Cobertura: nacional; &nbsp;</p>\n\n<p>&Aacute;mbito geogr&aacute;fico de cobertura: Nacional;</p>\n\n<p>Fecha de inicio: 10/12/2015;</p>\n\n<p>Fecha de t&eacute;rmino: 15/12/2015;</p>\n\n<p>Grupo(s) de edad: 20-51;</p>\n\n<p>Lugar de residencia: Nacional;</p>\n\n<p>Nivel &nbsp;sociecon&oacute;mico: A/B 18%, C+ 74%, C 8%;</p>\n\n<p>Nivel educativo: Licenciatura-Doctorado;</p>\n\n<p>Sexo: Ambos;</p>', 1.00, 92800.00, 92800.00, NULL, '2016-09-20', 'Dirección General de Comunicación Social y Difusión', 2016, '2016-09-20', NULL, 1),
	(11, 8, 12, 1, 6, 2, 3, 1, 0, '<p>Nombre comercial del proveedor: http://sinembargo.mx;</p>\n\n<p>Cobertura: nacional; &nbsp;</p>\n\n<p>&Aacute;mbito geogr&aacute;fico de cobertura: Nacional;</p>\n\n<p>Fecha de inicio: ;</p>\n\n<p>Fecha de t&eacute;rmino: ;</p>\n\n<p>Grupo(s) de edad: 0;</p>\n\n<p>Lugar de residencia: Nacional;</p>\n\n<p>Nivel &nbsp;sociecon&oacute;mico: 0;</p>\n\n<p>Nivel educativo: 0;</p>\n\n<p>Sexo: Ambos;</p>\n\n<p>Unidad del servicio o producto adquirido:&nbsp;Box banner en home</p>', 1.00, 52861.20, 52861.20, NULL, '2016-09-20', 'Dirección General de Comunicación Social y Difusión', 2016, '2016-09-20', NULL, 1),
	(12, 9, 14, 1, 6, 2, 3, 1, 0, '<p>Nombre comercial del proveedor: http://lasillarota.com;</p>\n\n<p>Cobertura: nacional; &nbsp;</p>\n\n<p>&Aacute;mbito geogr&aacute;fico de cobertura: Nacional;</p>\n\n<p>Fecha de inicio: 01/10/2015;</p>\n\n<p>Fecha de t&eacute;rmino: 31/10/2015;</p>\n\n<p>Grupo(s) de edad: 0;</p>\n\n<p>Lugar de residencia: Nacional;</p>\n\n<p>Nivel &nbsp;sociecon&oacute;mico: 0;</p>\n\n<p>Nivel educativo: 0;</p>\n\n<p>Sexo: Ambos;</p>\n\n<p>Unidad del servicio o producto adquirido:&nbsp;Banner en home;</p>', 1.00, 69000.00, 69000.00, NULL, '2016-09-20', 'Dirección General de Comunicación Social y Difusión', 2016, '2016-09-20', NULL, 1),
	(13, 10, 14, 1, 6, 2, 3, 1, 0, '<p>Nombre comercial del proveedor: http://www.animalpolitico.com;</p>\n\n<p>Cobertura: nacional; &nbsp;</p>\n\n<p>&Aacute;mbito geogr&aacute;fico de cobertura: Nacional;</p>\n\n<p>Fecha de inicio: 01/10/2015;</p>\n\n<p>Fecha de t&eacute;rmino: 31/10/2015;</p>\n\n<p>Grupo(s) de edad: 0;</p>\n\n<p>Lugar de residencia: Nacional;</p>\n\n<p>Nivel &nbsp;sociecon&oacute;mico: 0;</p>\n\n<p>Nivel educativo: 0;</p>\n\n<p>Sexo: Ambos;</p>', 1.00, 70000.00, 70000.00, NULL, '2016-09-20', 'Dirección General de Comunicación Social y Difusión', 2016, '2016-09-20', NULL, 1),
	(14, 11, 12, 1, 6, 2, 3, 1, 0, '<p>http://lasillarota.com;</p>\n\n<p>Cobertura: nacional; &nbsp;</p>\n\n<p>&Aacute;mbito geogr&aacute;fico de cobertura: Nacional;</p>\n\n<p>Fecha de inicio: ;</p>\n\n<p>Fecha de t&eacute;rmino: ;</p>\n\n<p>Grupo(s) de edad: 0;</p>\n\n<p>Lugar de residencia: Nacional;</p>\n\n<p>Nivel &nbsp;sociecon&oacute;mico: 0;</p>\n\n<p>Nivel educativo: 0;</p>\n\n<p>Sexo: Ambos;</p>\n\n<p>Unidad del servicio o producto adquirido:&nbsp;Banner flotante</p>', 1.00, 174000.00, 174000.00, NULL, '2016-09-20', 'Dirección General de Comunicación Social y Difusión', 2016, '2016-09-20', NULL, 1),
	(15, 12, 12, 1, 3, 1, 1, 1, 0, '<p>Nombre comercial del proveedor:&nbsp;Cinemex;</p>\n\n<p>Cobertura: nacional;</p>\n\n<p>&Aacute;mbito geogr&aacute;fico de cobertura: Nacional;</p>\n\n<p>Fecha de inicio: ;</p>\n\n<p>Fecha de t&eacute;rmino: ;</p>\n\n<p>Grupo(s) de edad: 0;</p>\n\n<p>Lugar de residencia: Nacional;</p>\n\n<p>Nivel &nbsp;sociecon&oacute;mico: 0;</p>\n\n<p>Nivel educativo: 0;</p>\n\n<p>Sexo: Ambos ;</p>', 1.00, 1160000.00, 1160000.00, NULL, '2016-09-20', 'Dirección General de Comunicación Social y Difusión', 2016, '2016-09-20', NULL, 1),
	(16, 13, 12, 1, 4, 20, 58, 1, 0, '<p>Grupo de Medios;</p>\n\n<p>Cobertura: nacional; &nbsp;</p>\n\n<p>&Aacute;mbito geogr&aacute;fico de cobertura:</p>\n\n<p>Nacional; Fecha de inicio: ;</p>\n\n<p>Fecha de t&eacute;rmino: ;</p>\n\n<p>Grupo(s) de edad: 0;</p>\n\n<p>Lugar de residencia: Nacional;</p>\n\n<p>Nivel &nbsp;sociecon&oacute;mico: 0;</p>\n\n<p>Nivel educativo: 0;</p>\n\n<p>Sexo: Ambos;</p>\n\n<p>Unidad del servicio o del producto adquirido: Pantallas en aerol&iacute;neas;</p>', 2.00, 8026.32, 16052.64, NULL, '2016-09-20', 'Dirección General de Comunicación Social y Difusión', 2016, '2016-09-20', NULL, 1),
	(17, 14, 12, 1, 5, 10, 32, 1, 0, '<p>Pantallas en aerol&iacute;neas</p>\n\n<p>Lugar de residencia: Nacional</p>\n\n<p>Sexo: Ambos</p>', 1.00, 185600.00, 185600.00, NULL, '2016-09-20', 'Dirección General de Comunicación Social y Difusión', 2016, '2016-09-20', NULL, 1),
	(18, 15, 12, 1, 4, 24, 81, 1, 0, '<p>Nombre comercial del proveedor: Revista Siempre;</p>\n\n<p>Cobertura: nacional; &nbsp;</p>\n\n<p>&Aacute;mbito geogr&aacute;fico de cobertura: Nacional;</p>\n\n<p>Fecha de inicio: 10/12/2015;</p>\n\n<p>Fecha de t&eacute;rmino: 27/12/2015;</p>\n\n<p>Grupo(s) de edad: 17-66;</p>\n\n<p>Lugar de residencia: Nacional ;</p>\n\n<p>Nivel &nbsp;sociecon&oacute;mico: A/B 78%, C+ 22%;</p>\n\n<p>Nivel educativo: Preparatoria- Profesional;</p>\n\n<p>Sexo: Ambos;</p>', 2.00, 96280.00, 192560.00, NULL, '2016-09-20', 'Dirección General de Comunicación Social y Difusión', 2016, '2016-09-20', NULL, 1),
	(19, 16, 9, 2, 10, 68, 169, 1, 0, '<p>Nombre comercial del proveedor:&nbsp;XSN Group;</p>\n\n<p>Cobertura: Nacional; &nbsp;</p>\n\n<p>&Aacute;mbito geogr&aacute;fico de cobertura: Nacional;</p>\n\n<p>Fecha de inicio: ;</p>\n\n<p>Fecha de t&eacute;rmino: ;</p>\n\n<p>Grupo(s) de edad: 0;</p>\n\n<p>Lugar de residencia: 0;</p>\n\n<p>Nivel &nbsp;sociecon&oacute;mico: 0;</p>\n\n<p>Nivel educativo: 0;</p>\n\n<p>Sexo: 0;</p>\n\n<p>Unidad del servicio o producto adquirido:&nbsp;Transmisi&oacute;n y codificaci&oacute;n</p>', 1.00, 7203.60, 7203.60, NULL, '2016-09-20', 'Dirección General de Comunicación Social y Difusión', 2016, '2016-09-20', NULL, 1),
	(20, 17, 16, 2, 10, 68, 169, 1, 0, '<p>Transmisi&oacute;n y codificaci&oacute;n</p>\n\n<p>Cobertura y &aacute;mbito geogr&aacute;fico: Nacional</p>', 4.00, 7203.60, 28814.40, NULL, '2016-09-20', 'Dirección General de Comunicación Social y Difusión', 2016, '2016-09-20', NULL, 1),
	(21, 18, 15, 2, 10, 68, 169, 1, 0, '<p>Nombre comercial del proveedor: XSN Group;</p>\n\n<p>Cobertura: Nacional; &nbsp;</p>\n\n<p>&Aacute;mbito geogr&aacute;fico de cobertura: Nacional;</p>\n\n<p>Fecha de inicio: 14/05/2015;</p>\n\n<p>Fecha de t&eacute;rmino: 14/05/2015;</p>\n\n<p>Grupo(s) de edad: 0;</p>\n\n<p>Lugar de residencia: 0;</p>\n\n<p>Nivel &nbsp;sociecon&oacute;mico: 0;</p>\n\n<p>Nivel educativo: 0;</p>\n\n<p>Sexo: 0;</p>\n\n<p>Unidad del servicio o producto adquirido: Transmisi&oacute;n y codificaci&oacute;n</p>\n\n<p>&nbsp;</p>\n\n<p>&nbsp;</p>', 1.00, 7203.60, 7203.60, NULL, '2016-09-20', 'Dirección General de Comunicación Social y Difusión', 2016, '2016-09-20', NULL, 1),
	(22, 19, 12, 1, 5, 10, 33, 1, 0, '<p>Nombre comercial del proveedor: Alpha Post;</p>\n\n<p>Cobertura: nacional; &nbsp;</p>\n\n<p>&Aacute;mbito geogr&aacute;fico de cobertura: Nacional;</p>\n\n<p>Fecha de inicio: ;</p>\n\n<p>Fecha de t&eacute;rmino: ;</p>\n\n<p>Grupo(s) de edad: 0;</p>\n\n<p>Lugar de residencia: Nacional ;</p>\n\n<p>Nivel &nbsp;sociecon&oacute;mico: 0;</p>\n\n<p>Nivel educativo: 0;</p>\n\n<p>Sexo: Ambos;</p>\n\n<p>Unidad del producto o servicio adquirido: Pantallas en aerol&iacute;neas</p>\n\n<p>&nbsp;</p>', 1.00, 750000.00, 750000.00, NULL, '2016-09-20', 'Dirección General de Comunicación Social y Difusión', 2016, '2016-09-20', NULL, 1),
	(23, 20, 16, 2, 10, 68, 169, 1, 0, '<p>Nombre comercial del proveedor: XSN Group;</p>\n\n<p>Cobertura: Nacional; &nbsp;</p>\n\n<p>&Aacute;mbito geogr&aacute;fico de cobertura: Nacional;</p>\n\n<p>Fecha de inicio: 14/01/2015;</p>\n\n<p>Fecha de t&eacute;rmino: 27/01/2015;</p>\n\n<p>Grupo(s) de edad: 0;</p>\n\n<p>Lugar de residencia: 0;</p>\n\n<p>Nivel &nbsp;sociecon&oacute;mico: 0;</p>\n\n<p>Nivel educativo: 0;</p>\n\n<p>Sexo: 0;</p>\n\n<p>Unidad del servicio o producto adquirido: Transmisi&oacute;n y codificaci&oacute;n;</p>\n\n<p>&nbsp;</p>', 3.00, 7203.60, 21610.80, NULL, '2016-09-20', 'Dirección General de Comunicación Social y Difusión', 2016, '2016-09-20', NULL, 1),
	(24, 21, 16, 2, 10, 68, 169, 1, 0, '<p>Nombre comercial del proveedor: XSN Group;</p>\n\n<p>Cobertura: nacional; &nbsp;</p>\n\n<p>&Aacute;mbito geogr&aacute;fico de cobertura: Nacional;</p>\n\n<p>Fecha de inicio: 05/02/2015;</p>\n\n<p>Fecha de t&eacute;rmino: 25/02/2015;</p>\n\n<p>Grupo(s) de edad: 0;</p>\n\n<p>Lugar de residencia: 0;</p>\n\n<p>Nivel &nbsp;sociecon&oacute;mico: 0;</p>\n\n<p>Nivel educativo: 0;</p>\n\n<p>Sexo: 0;</p>\n\n<p>Unidad del servicio o producto adquirido: Transmisi&oacute;n y codificaci&oacute;n</p>\n\n<p>&nbsp;</p>', 4.00, 7203.60, 28814.40, NULL, '2016-09-20', 'Dirección General de Comunicación Social y Difusión', 2016, '2016-09-20', NULL, 1),
	(25, 22, 16, 2, 10, 68, 169, 1, 0, '<p>Nombre comercial del proveedor: XSN Group;</p>\n\n<p>Cobertura: nacional; &nbsp;</p>\n\n<p>&Aacute;mbito geogr&aacute;fico de cobertura:</p>\n\n<p>Nacional; Fecha de inicio: 04/03/2015;</p>\n\n<p>Fecha de t&eacute;rmino: 11/03/2015;</p>\n\n<p>Grupo(s) de edad: 0;</p>\n\n<p>Lugar de residencia: 0;</p>\n\n<p>Nivel &nbsp;sociecon&oacute;mico: 0;</p>\n\n<p>Nivel educativo: 0;</p>\n\n<p>Sexo: 0;</p>\n\n<p>Unidad del servicio o producto adquirido: Transmisi&oacute;n y codificaci&oacute;n</p>\n\n<p>&nbsp;</p>', 2.00, 7203.60, 14407.20, NULL, '2016-09-20', 'Dirección General de Comunicación Social y Difusión', 2016, '2016-09-20', NULL, 1),
	(26, 23, 16, 2, 10, 68, 169, 1, 0, '<p>Nombre comercial del proveedor: XSN Group;</p>\n\n<p>Cobertura: nacional; &nbsp;</p>\n\n<p>&Aacute;mbito geogr&aacute;fico de cobertura: Nacional;</p>\n\n<p>Fecha de inicio: 19/03/2015;</p>\n\n<p>Fecha de t&eacute;rmino: 26/03/2015;</p>\n\n<p>Grupo(s) de edad: 0;</p>\n\n<p>Lugar de residencia: 0;</p>\n\n<p>Nivel &nbsp;sociecon&oacute;mico: 0;</p>\n\n<p>Nivel educativo: 0;</p>\n\n<p>Sexo: 0;</p>\n\n<p>Unidad del servicio o producto adquirido:&nbsp;Transmisi&oacute;n y codificaci&oacute;n</p>', 3.00, 7203.60, 21610.80, NULL, '2016-09-20', 'Dirección General de Comunicación Social y Difusión', 2016, '2016-09-20', NULL, 1),
	(27, 24, 16, 2, 10, 68, 169, 1, 0, '<p>Nombre comercial del proveedor: XSN Group;</p>\n\n<p>Cobertura: nacional; &nbsp;</p>\n\n<p>&Aacute;mbito geogr&aacute;fico de cobertura: Nacional;</p>\n\n<p>Fecha de inicio: 08/04/2015;</p>\n\n<p>Fecha de t&eacute;rmino: 29/12/2015;</p>\n\n<p>Grupo(s) de edad: 0;</p>\n\n<p>Lugar de residencia: 0;</p>\n\n<p>Nivel &nbsp;sociecon&oacute;mico: 0;</p>\n\n<p>Nivel educativo: 0;</p>\n\n<p>Sexo: 0;</p>\n\n<p>Unidad del servicio o producto adquirido:&nbsp;Transmisi&oacute;n y codificaci&oacute;n</p>\n\n<p>&nbsp;</p>', 4.00, 7203.60, 28814.40, NULL, '2016-09-20', 'Dirección General de Comunicación Social y Difusión', 2016, '2016-09-20', NULL, 1),
	(28, 25, 9, 2, 10, 68, 169, 1, 0, '<p>Nombre comercial del proveedor: XSN Group;</p>\n\n<p>Cobertura: nacional; &nbsp;</p>\n\n<p>&Aacute;mbito geogr&aacute;fico de cobertura: Nacional;</p>\n\n<p>Fecha de inicio: 12/03/2015;</p>\n\n<p>Fecha de t&eacute;rmino: 29/05/2015;</p>\n\n<p>Grupo(s) de edad: 0;</p>\n\n<p>Lugar de residencia: 0;</p>\n\n<p>Nivel &nbsp;sociecon&oacute;mico: 0;</p>\n\n<p>Nivel educativo: 0;</p>\n\n<p>Sexo: 0;</p>\n\n<p>Unidad del servicio o producto adquirido:&nbsp;Transmisi&oacute;n y codificaci&oacute;n</p>', 4.00, 7203.60, 28814.40, NULL, '2016-09-20', 'Dirección General de Comunicación Social y Difusión', 2016, '2016-09-20', NULL, 1),
	(29, 26, 9, 2, 10, 68, 169, 1, 0, '<p>Nombre comercial del proveedor: XSN Group;</p>\n\n<p>Cobertura: nacional; &nbsp;</p>\n\n<p>&Aacute;mbito geogr&aacute;fico de cobertura: Nacional;</p>\n\n<p>Fecha de inicio: 09/06/2015;</p>\n\n<p>Fecha de t&eacute;rmino: 30/09/2015;</p>\n\n<p>Grupo(s) de edad: 0;</p>\n\n<p>Lugar de residencia: 0;</p>\n\n<p>Nivel &nbsp;sociecon&oacute;mico: 0;</p>\n\n<p>Nivel educativo: 0;</p>\n\n<p>Sexo: 0;</p>\n\n<p>Unidad del servicio o producto adquirido: Transmisi&oacute;n y codificaci&oacute;n</p>', 4.00, 7203.60, 28814.40, NULL, '2016-09-20', 'Dirección General de Comunicación Social y Difusión', 2016, '2016-09-20', NULL, 1),
	(30, 27, 9, 2, 10, 68, 169, 1, 0, '<p>Nombre comercial del proveedor: XSN Group;</p>\n\n<p>Cobertura: nacional; &nbsp;</p>\n\n<p>&Aacute;mbito geogr&aacute;fico de cobertura: Nacional;</p>\n\n<p>Fecha de inicio: 26/10/2015;</p>\n\n<p>Fecha de t&eacute;rmino: 29/10/2015;</p>\n\n<p>Grupo(s) de edad: 0;</p>\n\n<p>Lugar de residencia: 0;</p>\n\n<p>Nivel &nbsp;sociecon&oacute;mico: 0;</p>\n\n<p>Nivel educativo: 0;</p>\n\n<p>Sexo: 0;</p>\n\n<p>Unidad del servicio o producto adquirido: Transmisi&oacute;n y codificaci&oacute;n</p>\n\n<p>&nbsp;</p>', 2.00, 7203.60, 14407.20, NULL, '2016-09-20', 'Dirección General de Comunicación Social y Difusión', 2016, '2016-09-20', NULL, 1),
	(31, 28, 9, 2, 10, 68, 169, 1, 0, '<p>Nombre comercial del proveedor:&nbsp;XSN Group;</p>\n\n<p>Cobertura: nacional; &nbsp;</p>\n\n<p>&Aacute;mbito geogr&aacute;fico de cobertura: Nacional;</p>\n\n<p>Fecha de inicio: 09/11/2015;</p>\n\n<p>Fecha de t&eacute;rmino: 23/11/2015;</p>\n\n<p>Grupo(s) de edad: 0;</p>\n\n<p>Lugar de residencia: 0;</p>\n\n<p>Nivel &nbsp;sociecon&oacute;mico: 0;</p>\n\n<p>Nivel educativo: 0;</p>\n\n<p>Sexo: 0;</p>\n\n<p>Unidad del servicio o producto adquirido: Transmisi&oacute;n y codificaci&oacute;n;</p>', 3.00, 7203.60, 21610.80, NULL, '2016-09-20', 'Dirección General de Comunicación Social y Difusión', 2016, '2016-09-20', NULL, 1),
	(32, 29, 9, 2, 10, 68, 169, 1, 0, '<p>Nombre comercial del proveedor: XSN Group;</p>\n\n<p>Cobertura: Nacional; &nbsp;</p>\n\n<p>&Aacute;mbito geogr&aacute;fico de cobertura: Nacional;</p>\n\n<p>Fecha de inicio: 24/11/2015;</p>\n\n<p>Fecha de t&eacute;rmino: 25/11/2015;</p>\n\n<p>Grupo(s) de edad: 0;</p>\n\n<p>Lugar de residencia: 0;</p>\n\n<p>Nivel &nbsp;sociecon&oacute;mico: 0;</p>\n\n<p>Nivel educativo: 0;</p>\n\n<p>Sexo: 0;</p>\n\n<p>Unidad del servicio o producto adquirido: Transmisi&oacute;n y codificaci&oacute;n</p>', 1.00, 7203.60, 7203.60, NULL, '2016-09-20', 'Dirección General de Comunicación Social y Difusión', 2016, '2016-09-20', NULL, 1),
	(33, 30, 16, 2, 10, 68, 169, 1, 0, '<p>Nombre comercial del proveedor: XSN Group;</p>\n\n<p>Cobertura: nacional;</p>\n\n<p>&Aacute;mbito geogr&aacute;fico de cobertura: Nacional;</p>\n\n<p>Fecha de inicio: ;</p>\n\n<p>Fecha de t&eacute;rmino: ;</p>\n\n<p>Grupo(s) de edad: 0;</p>\n\n<p>Lugar de residencia: 0;</p>\n\n<p>Nivel &nbsp;sociecon&oacute;mico: 0;</p>\n\n<p>Nivel educativo: 0;</p>\n\n<p>Sexo: 0;</p>\n\n<p>Unidad del servicio o producto adquirido: Transmisi&oacute;n y codificaci&oacute;n</p>\n\n<p>&nbsp;</p>', 2.00, 7203.60, 14407.20, NULL, '2016-09-20', 'Dirección General de Comunicación Social y Difusión', 2016, '2016-09-20', NULL, 1),
	(34, 31, 16, 2, 10, 68, 169, 1, 0, '<p>Transmisi&oacute;n y codificaci&oacute;n</p>\n\n<p>Cobertura y &aacute;mbito geogr&aacute;fico: Nacional</p>', 4.00, 7203.60, 28814.40, NULL, '2016-09-20', 'Dirección General de Comunicación Social y Difusión', 2016, '2016-09-20', NULL, 1),
	(35, 32, 16, 2, 10, 68, 169, 1, 0, '<p>Nombre comercial del proveedor:&nbsp;XSN Group;</p>\n\n<p>Cobertura: nacional; &nbsp;</p>\n\n<p>&Aacute;mbito geogr&aacute;fico de cobertura: Nacional;</p>\n\n<p>Fecha de inicio: 02/09/2015;</p>\n\n<p>Fecha de t&eacute;rmino: 30/09/2015;</p>\n\n<p>Grupo(s) de edad: 0;</p>\n\n<p>Lugar de residencia: 0;</p>\n\n<p>Nivel &nbsp;sociecon&oacute;mico: 0;</p>\n\n<p>Nivel educativo: 0;</p>\n\n<p>Sexo: 0;</p>\n\n<p>Unidad del servicio o producto adquirido:&nbsp;Transmisi&oacute;n y codificaci&oacute;n</p>\n\n<p>&nbsp;</p>', 5.00, 7203.60, 36018.00, NULL, '2016-09-20', 'Dirección General de Comunicación Social y Difusión', 2016, '2016-09-20', NULL, 1),
	(36, 33, 16, 2, 10, 68, 169, 1, 0, '<p>Nombre comercial del proveedor: XSN Group;</p>\n\n<p>Cobertura: nacional; &nbsp;</p>\n\n<p>&Aacute;mbito geogr&aacute;fico de cobertura: Nacional;</p>\n\n<p>Fecha de inicio: 07/10/2015;</p>\n\n<p>Fecha de t&eacute;rmino: 27/10/2015;</p>\n\n<p>Grupo(s) de edad: 0;</p>\n\n<p>Lugar de residencia: 0;</p>\n\n<p>Nivel &nbsp;sociecon&oacute;mico: 0;</p>\n\n<p>Nivel educativo: 0;</p>\n\n<p>Sexo: 0;</p>\n\n<p>Unidad del servicio o producto adquirido: Transmisi&oacute;n y codificaci&oacute;n;</p>\n\n<p>&nbsp;</p>\n\n<p>&nbsp;</p>', 4.00, 7203.60, 28814.40, NULL, '2016-09-20', 'Dirección General de Comunicación Social y Difusión', 2016, '2016-09-20', NULL, 1),
	(37, 34, 16, 2, 10, 68, 169, 1, 0, '<p>Nombre comercial del proveedor: XSN Group;</p>\n\n<p>Cobertura: nacional; &nbsp;</p>\n\n<p>&Aacute;mbito geogr&aacute;fico de cobertura: Nacional;</p>\n\n<p>Fecha de inicio: 01/07/2015;</p>\n\n<p>Fecha de t&eacute;rmino: 15/06/2015;</p>\n\n<p>Grupo(s) de edad: 0;</p>\n\n<p>Lugar de residencia: 0;</p>\n\n<p>Nivel &nbsp;sociecon&oacute;mico: 0;</p>\n\n<p>Nivel educativo: 0;</p>\n\n<p>Sexo: 0;</p>\n\n<p>Unidad del servicio o producto adquirido:&nbsp;Transmisi&oacute;n y codificaci&oacute;n;</p>', 3.00, 7203.60, 21610.80, NULL, '2016-09-20', 'Dirección General de Comunicación Social y Difusión', 2016, '2016-09-20', NULL, 1),
	(38, 35, 16, 2, 10, 68, 169, 1, 0, '<p>Transmisi&oacute;n y codificaci&oacute;n</p>\n\n<p>Cobertura y &aacute;mbito geogr&aacute;fico: Nacional</p>', 4.00, 7203.60, 28814.40, NULL, '2016-09-20', 'Dirección General de Comunicación Social y Difusión', 2016, '2016-09-20', NULL, 1),
	(39, 36, 15, 2, 10, 68, 169, 1, 0, '<p>Nombre comercial del proveedor: XSN Group;</p>\n\n<p>Cobertura: nacional; &nbsp;</p>\n\n<p>&Aacute;mbito geogr&aacute;fico de cobertura: Nacional;</p>\n\n<p>Fecha de inicio: 18/05/2015;</p>\n\n<p>Fecha de t&eacute;rmino: 18/05/2015;</p>\n\n<p>Grupo(s) de edad: 0;</p>\n\n<p>Lugar de residencia: 0;</p>\n\n<p>Nivel &nbsp;sociecon&oacute;mico: 0;</p>\n\n<p>Nivel educativo: 0;</p>\n\n<p>Sexo: 0;</p>\n\n<p>Unidad del servicio o producto:&nbsp;Transmisi&oacute;n y codificaci&oacute;n</p>', 1.00, 7203.60, 7203.60, NULL, '2016-09-20', 'Dirección General de Comunicación Social y Difusión', 2016, '2016-09-20', NULL, 1),
	(40, 37, 9, 2, 10, 68, 169, 1, 0, '<p>Nombre comercial: XSN Group;</p>\n\n<p>Cobertura: nacional;</p>\n\n<p>&Aacute;mbito geogr&aacute;fico de cobertura: Nacional;</p>\n\n<p>Fecha de inicio: 09/06/2015;</p>\n\n<p>Fecha de t&eacute;rmino: 09/06/2015;</p>\n\n<p>Grupo(s) de edad: 0;</p>\n\n<p>Lugar de residencia: 0;</p>\n\n<p>Nivel &nbsp;sociecon&oacute;mico: 0;</p>\n\n<p>Nivel educativo: 0;</p>\n\n<p>Sexo: 0;</p>\n\n<p>Unidad de servicio o producto adquirido: Transmisi&oacute;n y codificaci&oacute;n;</p>', 1.00, 7203.60, 7203.60, NULL, '2016-09-20', 'Dirección General de Comunicación Social y Difusión', 2016, '2016-09-20', NULL, 1),
	(41, 39, 15, 2, 10, 68, 169, 1, 0, '<p>Nombre comercial del proveedor: XSN Group;</p>\n\n<p>Cobertura: nacional; &nbsp;</p>\n\n<p>&Aacute;mbito geogr&aacute;fico de cobertura: Nacional;</p>\n\n<p>Fecha de inicio: 29/05/2015;</p>\n\n<p>Fecha de t&eacute;rmino: 29/05/2015;</p>\n\n<p>Grupo(s) de edad: 0;</p>\n\n<p>Lugar de residencia: 0;</p>\n\n<p>Nivel &nbsp;sociecon&oacute;mico: 0;</p>\n\n<p>Nivel educativo: 0;</p>\n\n<p>Sexo: 0;</p>\n\n<p>Unidad del servicio o producto adquirido: Transmisi&oacute;n y codificaci&oacute;n;</p>', 1.00, 7203.60, 7203.60, NULL, '2016-09-20', 'Dirección General de Comunicación Social y Difusión', 2016, '2016-09-20', NULL, 1),
	(42, 40, 16, 2, 10, 68, 169, 1, 0, '<p>Nombre comercial del proveedor:&nbsp;XSN Group;</p>\n\n<p>Cobertura: nacional;</p>\n\n<p>&Aacute;mbito geogr&aacute;fico de cobertura: Nacional;</p>\n\n<p>Fecha de inicio: 10/06/2015;</p>\n\n<p>Fecha de t&eacute;rmino: 24/06/2015;</p>\n\n<p>Grupo(s) de edad: 0;</p>\n\n<p>Lugar de residencia: 0;</p>\n\n<p>Nivel &nbsp;sociecon&oacute;mico: 0;</p>\n\n<p>Nivel educativo: 0;</p>\n\n<p>Sexo: 0;</p>\n\n<p>Unidad del servicio o producto adquirido: Transmisi&oacute;n y codificaci&oacute;n;</p>\n\n<p>&nbsp;</p>', 4.00, 7203.60, 28814.40, NULL, '2016-09-20', 'Dirección General de Comunicación Social y Difusión', 2016, '2016-09-20', NULL, 1),
	(43, 41, 16, 2, 10, 68, 169, 1, 0, '<p>Nombre comercial del proveedor: XSN Group;</p>\n\n<p>Cobertura: nacional; &nbsp;</p>\n\n<p>&Aacute;mbito geogr&aacute;fico de cobertura: Nacional;</p>\n\n<p>Fecha de inicio: ;</p>\n\n<p>Fecha de t&eacute;rmino: ;</p>\n\n<p>Grupo(s) de edad: 0;</p>\n\n<p>Lugar de residencia: 0;</p>\n\n<p>Nivel &nbsp;sociecon&oacute;mico: 0;</p>\n\n<p>Nivel educativo: 0;</p>\n\n<p>Sexo: 0;</p>\n\n<p>Unidad del servicio o producto adquirido: Transmisi&oacute;n y codificaci&oacute;n;</p>\n\n<p>&nbsp;</p>', 1.00, 7203.60, 7203.60, NULL, '2016-09-20', 'Dirección General de Comunicación Social y Difusión', 2016, '2016-09-20', NULL, 1),
	(44, 42, 16, 2, 10, 68, 169, 1, 0, '<p>Nombre comercial del proveedor: XSN Group;</p>\n\n<p>Cobertura: nacional;</p>\n\n<p>&Aacute;mbito geogr&aacute;fico de cobertura: Nacional;</p>\n\n<p>Fecha de inicio: ;</p>\n\n<p>Fecha de t&eacute;rmino: ;</p>\n\n<p>Grupo(s) de edad: 0;</p>\n\n<p>Lugar de residencia: 0;</p>\n\n<p>Nivel &nbsp;sociecon&oacute;mico: 0;</p>\n\n<p>Nivel educativo: 0;</p>\n\n<p>Sexo: 0;</p>\n\n<p>Unidad del servicio o producto adquirido:&nbsp;Transmisi&oacute;n y codificaci&oacute;n</p>\n\n<p>&nbsp;</p>', 1.00, 7203.60, 7203.60, NULL, '2016-09-20', 'Dirección General de Comunicación Social y Difusión', 2016, '2016-09-20', NULL, 1),
	(45, 43, 12, 1, 4, 24, 81, 1, 0, '<p>Nombre comercial del proveedor: Revista Emeequis;</p>\n\n<p>Cobertura: nacional; &nbsp;</p>\n\n<p>&Aacute;mbito geogr&aacute;fico de cobertura: Nacional;</p>\n\n<p>Fecha de inicio: 02/12/2015;</p>\n\n<p>Fecha de t&eacute;rmino: 07/12/2015;</p>\n\n<p>Grupo(s) de edad: 24-55;</p>\n\n<p>Lugar de residencia: Nacional;</p>\n\n<p>Nivel &nbsp;sociecon&oacute;mico: A/B/C+ 29%, C 56%, D 15%;</p>\n\n<p>Nivel educativo: Licenciatura-Doctorado;</p>\n\n<p>Sexo: Ambos;</p>\n\n<p>Unidad del servicio o producto adquirido: 1 Plana</p>', 1.00, 64994.80, 64994.80, NULL, '2016-09-20', 'Dirección General de Comunicación Social y Difusión', 2016, '2016-09-20', NULL, 1),
	(46, 44, 12, 1, 4, 24, 81, 1, 0, '<p>Nombre comercial del proveedor:&nbsp;Revista Emeequis;</p>\n\n<p>Cobertura: nacional;</p>\n\n<p>&Aacute;mbito geogr&aacute;fico de cobertura: Nacional;</p>\n\n<p>Fecha de inicio: 10/12/2015;</p>\n\n<p>Fecha de t&eacute;rmino: 21/12/2015;</p>\n\n<p>Grupo(s) de edad: 24-55;</p>\n\n<p>Lugar de residencia: Nacional;</p>\n\n<p>Nivel &nbsp;sociecon&oacute;mico: A/B/C+ 29%, C 56%, D 15%;</p>\n\n<p>Nivel educativo: Licenciatura-Doctorado ;</p>\n\n<p>Sexo: Ambos;</p>\n\n<p>Unidad del servicio o producto adquirido: 1 Plana</p>', 1.00, 59716.80, 59716.80, NULL, '2016-09-20', 'Dirección General de Comunicación Social y Difusión', 2016, '2016-09-20', NULL, 1),
	(47, 45, 12, 1, 4, 19, 54, 1, 0, '<p>Nombre comercial del proveedor:&nbsp;Publimetro;</p>\n\n<p>Cobertura: nacional; &nbsp;</p>\n\n<p>&Aacute;mbito geogr&aacute;fico de cobertura: Nacional;</p>\n\n<p>Fecha de inicio: 11/12/2015;</p>\n\n<p>Fecha de t&eacute;rmino: 28/12/2015;</p>\n\n<p>Grupo(s) de edad: 18-44;</p>\n\n<p>Lugar de residencia: Nacional;</p>\n\n<p>Nivel &nbsp;sociecon&oacute;mico: A/B/C+ 73%, C 27%;</p>\n\n<p>Nivel educativo: Preparatoria-Posgrado;</p>\n\n<p>Sexo: Ambos;</p>\n\n<p>Unidad del servicio o producto adquirido: 1 Plana</p>', 3.00, 89384.53, 268153.59, NULL, '2016-09-20', 'Dirección General de Comunicación Social y Difusión', 2016, '2016-09-20', NULL, 1),
	(48, 46, 12, 1, 3, 1, 1, 1, 0, '<p>Nombre comercial del proveedor: http://www.sdpnoticias.com;</p>\n\n<p>Cobertura: nacional;</p>\n\n<p>&Aacute;mbito geogr&aacute;fico de cobertura: Nacional;</p>\n\n<p>Fecha de inicio: 02/10/2015;</p>\n\n<p>Fecha de t&eacute;rmino: 06/10/2015;</p>\n\n<p>Grupo(s) de edad: 0;</p>\n\n<p>Lugar de residencia: Nacional;</p>\n\n<p>Nivel &nbsp;sociecon&oacute;mico: 0;</p>\n\n<p>Nivel educativo: 0;</p>\n\n<p>Sexo: Ambos;</p>', 1.00, 1160000.00, 1160000.00, NULL, '2016-09-20', 'Dirección General de Comunicación Social y Difusión', 2016, '2016-09-20', NULL, 1),
	(49, 47, 13, 1, 6, 2, 3, 1, 0, '<p>Banner en Portada</p>\n\n<p>Cobertura y &Aacute;mbito geogr&aacute;fico: Nacional</p>\n\n<p>Lugar de residencia: Nacional</p>\n\n<p>Sexo: Ambos</p>', 1.00, 29000.00, 29000.00, NULL, '2016-09-20', 'Dirección General de Comunicación Social y Difusión', 2016, '2016-09-20', NULL, 1),
	(50, 48, 3, 1, 6, 2, 3, 1, 0, '<p>Banner en Portada y versi&oacute;n &nbsp;movil</p>\n\n<p>Cobertura y &Aacute;mbito geogr&aacute;fico: Nacional<br />\nLugar de Residencia: Nacional<br />\nSexo: Ambos</p>', 1.00, 29000.00, 29000.00, NULL, '2016-09-20', 'Dirección General de Comunicación Social y Difusión', 2016, '2016-09-20', NULL, 1),
	(51, 49, 13, 1, 4, 24, 81, 1, 0, '<p>Cobertura y &Aacute;mbito geogr&aacute;fico: Nacional</p>\n\n<p>Grupo de edad: 19-65</p>\n\n<p>Lugar de residencia: Nacional</p>\n\n<p>Nivel sociecon&oacute;mico:&nbsp;A/B/C+ 86%, C 11%, D+ 3%</p>\n\n<p>Nivel educativo:&nbsp;Carrera T&eacute;cnica-Doctorado</p>\n\n<p>Sexo: Ambos</p>', 1.00, 36540.00, 36540.00, NULL, '2016-09-20', 'Dirección General de Comunicación Social y Difusión', 2016, '2016-09-20', NULL, 1),
	(52, 50, 12, 1, 6, 2, 3, 1, 0, '<p>banner en todo el sitio&nbsp;</p>\n\n<p>Cobertura y &Aacute;mbito geogr&aacute;fico: Nacional<br />\nLugar de Residencia: Nacional<br />\nSexo: Ambos</p>', 1.00, 348000.00, 348000.00, NULL, '2016-09-20', 'Dirección General de Comunicación Social y Difusión', 2016, '2016-09-20', NULL, 1),
	(53, 51, 11, 1, 4, 24, 81, 1, 0, '<p>Cobertura y &Aacute;mbito geogr&aacute;fico: Nacional</p>\n\n<p>Grupo de edad: 18-44</p>\n\n<p>Lugar de Residencia: Nacional</p>\n\n<p>Nivel educativo: Licenciatura - Posgrado</p>\n\n<p>Sexo: Ambos</p>', 1.00, 46400.00, 46400.00, NULL, '2016-09-20', 'Dirección General de Comunicación Social y Difusión', 2016, '2016-09-20', NULL, 1),
	(54, 52, 12, 1, 5, 10, 32, 1, 0, '<p>Pantallas en aerol&iacute;neas</p>\n\n<p>Cobertura y &Aacute;mbito geogr&aacute;fico: Nacional<br />\nLugar de Residencia: Nacional<br />\nSexo: Ambos</p>', 1.00, 315520.00, 315520.00, NULL, '2016-09-20', 'Dirección General de Comunicación Social y Difusión', 2016, '2016-09-20', NULL, 1),
	(55, 53, 12, 1, 6, 2, 3, 1, 0, '<p>banner cuadrado superior</p>\n\n<p>Cobertura y &Aacute;mbito geogr&aacute;fico: Nacional<br />\nLugar de Residencia: Nacional<br />\nSexo: Ambos</p>', 1.00, 64687.40, 64687.40, NULL, '2016-09-20', 'Dirección General de Comunicación Social y Difusión', 2016, '2016-09-20', NULL, 1),
	(56, 54, 12, 1, 4, 20, 58, 1, 0, '<p>Cobertura: Estatal</p>\n\n<p>&Aacute;mbito geogr&aacute;fico de cobertura: Colima</p>\n\n<p>Grupo de edad: 18-61</p>\n\n<p>Lugar de residencia: Colima</p>\n\n<p>Nivel educativo: Primaria - Posgrado</p>\n\n<p>Sexo: Ambos</p>', 2.00, 19784.59, 39569.18, NULL, '2016-09-20', 'Dirección General de Comunicación Social y Difusión', 2016, '2016-09-20', NULL, 1),
	(57, 55, 12, 1, 4, 20, 58, 1, 0, '<p>Cr&oacute;nica de Campeche</p>\n\n<p>Cobertura: Estatal</p>\n\n<p>&Aacute;mbito geogr&aacute;fico de cobertura: Campeche</p>\n\n<p>Fecha de inicio: 02/12/2015</p>\n\n<p>Fecha de t&eacute;rmino: 23/12/2015</p>\n\n<p>Grupo de edad: 17-65</p>\n\n<p>Lugar de residencia: Campeche</p>\n\n<p>Nivel socioecon&oacute;mico:&nbsp;A/B 46%, C+ 44%, C 10%</p>\n\n<p>Nivel educativo:&nbsp;Secundaria-Profesional</p>\n\n<p>Sexo: Ambos</p>', 2.00, 22395.61, 44791.22, NULL, '2016-09-20', 'Dirección General de Comunicación Social y Difusión', 2016, '2016-09-20', NULL, 1),
	(58, 56, 12, 1, 4, 20, 58, 1, 0, '<p>Criterio la Verdad Impresa</p>\n\n<p>Cobertura: Estatal</p>\n\n<p>&Aacute;mbito geogr&aacute;fico de cobertura: Hidalgo</p>\n\n<p>Fecha de inicio: 02/12/2015</p>\n\n<p>Fecha de t&eacute;rmino: 28/12/2015</p>\n\n<p>Grupo de edad: 18-54</p>\n\n<p>Lugar de residencia: Hidalgo</p>\n\n<p>Nivel educativo: Nivel Medio Superior - Posgrado</p>\n\n<p>Sexo: Ambos</p>', 2.00, 8538.56, 17077.12, NULL, '2016-09-20', 'Dirección General de Comunicación Social y Difusión', 2016, '2016-09-20', NULL, 1),
	(59, 57, 12, 1, 4, 20, 61, 1, 0, '<p>El Sol de Toluca</p>\n\n<p>Cobertura y &Aacute;mbito geogr&aacute;fico: Nacional</p>\n\n<p>Fecha de inicio: 11/12/2015</p>\n\n<p>Fecha de t&eacute;rmino: 27/12/2015</p>\n\n<p>Grupo de edad: 17-65</p>\n\n<p>Lugar de Residencia: Nacional</p>\n\n<p>Nivel socioecon&oacute;mico:&nbsp;A/B 39%, C+ 48%, C 13%&nbsp;</p>\n\n<p>Nivel educativo:&nbsp;Primaria-Profesional&nbsp;</p>\n\n<p>Sexo: Ambos</p>', 3.00, 61763.34, 185290.02, NULL, '2016-09-20', 'Dirección General de Comunicación Social y Difusión', 2016, '2016-09-20', NULL, 1),
	(60, 58, 6, 1, 4, 19, 53, 1, 0, '<p>La Cr&oacute;nica</p>\n\n<p>Cobertura y &Aacute;mbito geogr&aacute;fico: Nacional</p>\n\n<p>Fecha de inicio: 19/05/2015</p>\n\n<p>Fecha de t&eacute;rmino: 22/05/2015</p>\n\n<p>Grupo de edad: 24-45</p>\n\n<p>Lugar de Residencia: Nacional</p>\n\n<p>Nivel socioecon&oacute;mico:&nbsp;A/B/C 42%, D 31%, C 27%</p>\n\n<p>Nivel educativo: Secundaria - Posgrado</p>\n\n<p>Sexo: Ambos</p>', 1.00, 29232.00, 29232.00, NULL, '2016-09-20', 'Dirección General de Comunicación Social y Difusión', 2016, '2016-09-20', NULL, 1),
	(61, 59, 12, 1, 4, 24, 81, 1, 0, '<p>Revista V&eacute;rtigo</p>\n\n<p>Cobertura y &Aacute;mbito geogr&aacute;fico: Nacional</p>\n\n<p>Fecha de inicio: 10/12/2015</p>\n\n<p>Fecha de t&eacute;rmino: 27/12/2015</p>\n\n<p>Grupo de edad: 13-65</p>\n\n<p>Lugar de Residencia: Nacional</p>\n\n<p>Nivel socioecon&oacute;mico:&nbsp;A/B/C+ 28%, C 31%, D+ 14%, D/E 26%&nbsp;</p>\n\n<p>Nivel educativo: Secundaria - Posgrado</p>\n\n<p>Sexo: Ambos</p>', 1.00, 68715.96, 68715.96, NULL, '2016-09-20', 'Dirección General de Comunicación Social y Difusión', 2016, '2016-09-20', NULL, 1),
	(62, 60, 17, 1, 4, 19, 50, 1, 0, '<p>La Cr&oacute;nica</p>\n\n<p>Cobertura y &Aacute;mbito geogr&aacute;fico: Nacional</p>\n\n<p>Fecha de inicio: 20/06/2015</p>\n\n<p>Fecha de t&eacute;rmino: 22/06/2015</p>\n\n<p>Grupo de edad: 24-45</p>\n\n<p>Lugar de Residencia: Nacional</p>\n\n<p>Nivel socioecon&oacute;mico:&nbsp;A/B/C 42%, D 31%, C 27%</p>\n\n<p>Nivel educativo: Secundaria - Posgrado</p>\n\n<p>Sexo: Ambos</p>', 1.00, 61267.72, 61267.72, NULL, '2016-09-20', 'Dirección General de Comunicación Social y Difusión', 2016, '2016-09-20', NULL, 1),
	(63, 61, 12, 1, 4, 20, 58, 1, 0, '<p>El Popular</p>\n\n<p>Cobertura: Estatal</p>\n\n<p>&Aacute;mbito geogr&aacute;fico: Puebla</p>\n\n<p>Fecha de inicio: 02/12/2015</p>\n\n<p>Fecha de t&eacute;rmino: 24/12/2015</p>\n\n<p>Grupo de edad: 17-65</p>\n\n<p>Lugar de Residencia: Puebla</p>\n\n<p>Nivel socioecon&oacute;mico:&nbsp;A/B 39%, C+ 53%, C 8%</p>\n\n<p>Nivel educativo: Secundaria - Profesional</p>\n\n<p>Sexo: Ambos</p>', 2.00, 17176.00, 34352.00, NULL, '2016-09-20', 'Dirección General de Comunicación Social y Difusión', 2016, '2016-09-20', NULL, 1),
	(64, 62, 12, 1, 4, 20, 58, 1, 0, '<p>Media Hora</p>\n\n<p>Cobertura: Estatal</p>\n\n<p>&Aacute;mbito geogr&aacute;fico de cobertura: Tabasco</p>\n\n<p>Fecha de inicio: 02/12/2015</p>\n\n<p>Fecha de t&eacute;rmino: 24/12/2015</p>\n\n<p>Lugar de residencia: Tabasco</p>\n\n<p>Sexo: Ambos</p>\n\n<p>&nbsp;</p>', 2.00, 12270.03, 24540.06, NULL, '2016-09-20', 'Dirección General de Comunicación Social y Difusión', 2016, '2016-09-20', NULL, 1),
	(65, 63, 12, 1, 4, 20, 58, 1, 0, '<p>Matutino Gr&aacute;fico</p>\n\n<p>Cobertura: Estatal</p>\n\n<p>&Aacute;mbito geogr&aacute;fico de cobertura: Nayarit</p>\n\n<p>Lugar de residencia: Nayarit</p>\n\n<p>Fecha de inicio: 02/12/2015</p>\n\n<p>Fecha de t&eacute;rmino: 24/12/2015</p>\n\n<p>Nivel socioecon&oacute;mico:&nbsp;Alta Baja 12,5%, Media Alta 30.3%, Media Media 27%, Media Baja 23,7%</p>\n\n<p>Nivel educativo: Secundaria - Posgrado</p>\n\n<p>Sexo: Ambos</p>\n\n<p>&nbsp;</p>', 2.00, 13747.01, 27494.02, NULL, '2016-09-20', 'Dirección General de Comunicación Social y Difusión', 2016, '2016-09-20', NULL, 1),
	(66, 64, 12, 1, 4, 20, 58, 1, 0, '<p>El Mexicano Gran Diario Regional</p>\n\n<p>Cobertura: Estatal</p>\n\n<p>&Aacute;mbito geogr&aacute;fico de cobertura; Baja California</p>\n\n<p>Fecha de inicio: 02/12/2015</p>\n\n<p>Fecha de t&eacute;rmino: 18/12/2015</p>\n\n<p>Grupo de edad: 19-65</p>\n\n<p>Lugar de residencia: Baja California</p>\n\n<p>Nivel socioecon&oacute;mico:&nbsp;A/B/C+ 45%, C 33%, D+ 19%, D/E 3%</p>\n\n<p>Nivel educativo: Primaria - Doctorado</p>\n\n<p>Sexo: Ambos</p>', 2.00, 35554.05, 71108.10, NULL, '2016-09-20', 'Dirección General de Comunicación Social y Difusión', 2016, '2016-09-20', NULL, 1),
	(67, 65, 12, 1, 4, 20, 58, 1, 0, '<p>La Segunda</p>\n\n<p>Cobertura: Estatal</p>\n\n<p>&Aacute;mbito geogr&aacute;fico de cobertura: Baja California</p>\n\n<p>Fecha de inicio: 02/12/2015</p>\n\n<p>Fecha de t&eacute;rmino: 21/12/2015</p>\n\n<p>Grupo de edad: 13-65</p>\n\n<p>Lugar de residencia: Baja California</p>\n\n<p>Nivel socioecon&oacute;mico:&nbsp;A/B/C+ 10%, C 12%, D 67%, D/E 11%</p>\n\n<p>Nivel educativo: Primaria - Licenciatura</p>\n\n<p>Sexo: Ambos</p>', 2.00, 17024.71, 34049.42, NULL, '2016-09-20', 'Dirección General de Comunicación Social y Difusión', 2016, '2016-09-20', NULL, 1),
	(68, 66, 12, 1, 5, 10, 32, 1, 0, '<p>Espacios Publicitarios</p>\n\n<p>Cobertura: Estatal</p>\n\n<p>&Aacute;mbito geogr&aacute;fico: Ciudad de M&eacute;xico</p>\n\n<p>Lugar de residencia: Nacional</p>\n\n<p>Sexo: Ambos</p>', 1.00, 2259100.00, 2259100.00, NULL, '2016-09-20', 'Dirección General de Comunicación Social y Difusión', 2016, '2016-09-20', NULL, 1),
	(69, 67, 12, 1, 4, 19, 55, 1, 0, '<p>La Cr&oacute;nica</p>\n\n<p>Cobertura y &Aacute;mbito geogr&aacute;fico: Nacional</p>\n\n<p>Fecha de inicio: 11/12/2015</p>\n\n<p>Fecha de t&eacute;rmino: 26/12/2015</p>\n\n<p>Grupo de edad: 24-45</p>\n\n<p>Lugar de Residencia: Nacional</p>\n\n<p>Nivel socioecon&oacute;mico:&nbsp;A/B/C 42%, D 31%, C 27%</p>\n\n<p>Nivel educativo: Secundaria - Posgrado</p>\n\n<p>Sexo: Ambos</p>', 3.00, 79420.56, 238261.68, NULL, '2016-09-20', 'Dirección General de Comunicación Social y Difusión', 2016, '2016-09-20', NULL, 1),
	(70, 68, 2, 1, 4, 20, 60, 1, 0, '<p>Heraldo de Chihuahua</p>\n\n<p>Cobertura: Estatal</p>\n\n<p>&Aacute;mbito geogr&aacute;fico de cobertura: Chihuahua</p>\n\n<p>Fecha de inicio: 27/01/2015</p>\n\n<p>Fecha de t&eacute;rmino: 28/01/2015</p>\n\n<p>Grupo de edad: 17-65</p>\n\n<p>Lugar de residencia: Chihuahua</p>\n\n<p>Nivel socioecon&oacute;mico:&nbsp;A/B 47%, C 39%, D 14%</p>\n\n<p>Nivel educativo: Primaria - Profesional</p>\n\n<p>Sexo: Ambos</p>', 1.00, 15919.96, 15919.96, NULL, '2016-09-20', 'Dirección General de Comunicación Social y Difusión', 2016, '2016-09-20', NULL, 1),
	(71, 69, 2, 1, 4, 20, 60, 1, 0, '<p>El Sol de Zacatecas</p>\n\n<p>Cobertura: Estatal</p>\n\n<p>&Aacute;mbito geogr&aacute;fico de cobertura: Zacatecas</p>\n\n<p>Fecha de inicio: 27/01/2015</p>\n\n<p>Fecha de t&eacute;rmino: 29/01/2015</p>\n\n<p>Grupo de edad: 17-65</p>\n\n<p>Lugar de residencia:&nbsp;Zacatecas</p>\n\n<p>Nivel socioecon&oacute;mico:&nbsp;A/B 39%, C+ 52%, C 9%</p>\n\n<p>Nivel educativo: Secundaria - Profesional</p>\n\n<p>Sexo: Ambos</p>', 1.00, 6020.34, 6020.34, NULL, NULL, NULL, NULL, NULL, NULL, 1),
	(72, 70, 2, 1, 4, 20, 60, 1, 0, '<p>El Sol de Morelia</p>\n\n<p>Cobertura: Estatal</p>\n\n<p>&Aacute;mbito geogr&aacute;fico: Michoac&aacute;n</p>\n\n<p>Fecha de inicio: 27/01/2015</p>\n\n<p>Fecha de t&eacute;rmino: 29/01/2015</p>\n\n<p>Grupo de edad: 17-65</p>\n\n<p>Lugar de residencia: Michoac&aacute;n</p>\n\n<p>Nivel socioecon&oacute;mico:&nbsp;A/B 41%, C+ 48%, C 11%</p>\n\n<p>Nivel educativo: Secundaria - Profesional</p>\n\n<p>Sexo: Ambos</p>', 1.00, 6880.77, 6880.77, NULL, '2016-09-20', 'Dirección General de Comunicación Social y Difusión', 2016, '2016-09-20', NULL, 1),
	(73, 71, 2, 1, 4, 20, 60, 1, 0, '<p>El Sol de Puebla</p>\n\n<p>Cobertura: Estatal</p>\n\n<p>&Aacute;mbito geogr&aacute;fico de cobertura: Puebla</p>\n\n<p>Fecha de inicio: 27/01/2015</p>\n\n<p>Fecha de t&eacute;rmino: 29/01/2015</p>\n\n<p>Grupo de edad: 17-65</p>\n\n<p>Lugar de residencia: Puebla</p>\n\n<p>Nivel socioecon&oacute;mico:&nbsp;A/B 43%, C+ 52%, C 5%</p>\n\n<p>Nivel educativo: Secundaria - Profesional</p>\n\n<p>Sexo: Ambos</p>', 1.00, 5989.66, 5989.66, NULL, '2016-09-20', 'Dirección General de Comunicación Social y Difusión', 2016, '2016-09-20', NULL, 1),
	(74, 72, 2, 1, 4, 20, 60, 1, 0, '<p>El Sol de Tijuana</p>\n\n<p>Cobertura: Estatal</p>\n\n<p>&Aacute;mbito geogr&aacute;fico de cobertura; Baja California</p>\n\n<p>Fecha de inicio: 27/01/2015</p>\n\n<p>Fecha de t&eacute;rmino: 29/01/2015</p>\n\n<p>Grupo de edad: 17-65</p>\n\n<p>Lugar de residencia: Baja California</p>\n\n<p>Nivel socioecon&oacute;mico:&nbsp;A/B 28%, C+ 57%, C 15%</p>\n\n<p>Nivel educativo: Primaria - Profesional</p>\n\n<p>Sexo: Ambos</p>', 1.00, 6880.77, 6880.77, NULL, '2016-09-20', 'Dirección General de Comunicación Social y Difusión', 2016, '2016-09-20', NULL, 1),
	(75, 73, 12, 1, 4, 20, 58, 1, 0, '<p>Victoria de Durango</p>\n\n<p>Cobertura: Estatal</p>\n\n<p>&Aacute;mbito geogr&aacute;fico: Durango</p>\n\n<p>Fecha de inicio: 02/12/2015</p>\n\n<p>Fecha de t&eacute;rmino: 22/12/2015</p>\n\n<p>Grupo de edad: 19-65</p>\n\n<p>Lugar de residencia: Durango</p>\n\n<p>Nivel socioecon&oacute;mico:&nbsp;A/B/C+ 40%, C 51%, D+ 9%</p>\n\n<p>Nivel educativo: Secundaria - Maestr&iacute;a</p>\n\n<p>Sexo: Ambos</p>', 3.00, 11522.51, 34567.53, NULL, '2016-09-20', 'Dirección General de Comunicación Social y Difusión', 2016, '2016-09-20', NULL, 1),
	(76, 74, 12, 1, 4, 20, 58, 1, 0, '<p>La Raz&oacute;n</p>\n\n<p>Cobertura: Estatal</p>\n\n<p>&Aacute;mbito geogr&aacute;fico: Tamaulipas</p>\n\n<p>Fecha de inicio: 02/12/2015</p>\n\n<p>Fecha de t&eacute;rmino: 31/12/2015</p>\n\n<p>Grupo de edad: 19-65</p>\n\n<p>Lugar de residencia: Tamaulipas</p>\n\n<p>Nivel socioecon&oacute;mico:&nbsp;C+ 56%, C 29%, D+ 9%, D 6%</p>\n\n<p>Nivel educativo: Primaria - Doctorado</p>\n\n<p>Sexo: Ambos</p>', 2.00, 9900.98, 19801.96, NULL, '2016-09-20', 'Dirección General de Comunicación Social y Difusión', 2016, '2016-09-20', NULL, 1),
	(77, 75, 12, 1, 4, 20, 58, 1, 0, '<p>Diario Expresi&oacute;n de Chiapas</p>\n\n<p>Cobertura: Estatal</p>\n\n<p>&Aacute;mbito geogr&aacute;fico: Chiapas</p>\n\n<p>Fecha de inicio: 02/12/2015</p>\n\n<p>Fecha de t&eacute;rmino: 21/12/2015</p>\n\n<p>Grupo de edad: 13-65</p>\n\n<p>Lugar de residencia: Chiapas</p>\n\n<p>Nivel socioecon&oacute;mico:&nbsp;A/B 8%, C+ 12%, C 14%, D+ 30%, D 36%</p>\n\n<p>Nivel educativo: Primaria - Maestr&iacute;a</p>\n\n<p>Sexo: Ambos</p>', 3.00, 11539.04, 34617.12, NULL, '2016-09-20', 'Dirección General de Comunicación Social y Difusión', 2016, '2016-09-20', NULL, 1),
	(78, 76, 12, 1, 4, 20, 58, 1, 0, '<p>Nuevo d&iacute;a de Nogales</p>\n\n<p>Cobertura: Estatal</p>\n\n<p>&Aacute;mbito geogr&aacute;fico de cobertura:&nbsp;Sonora</p>\n\n<p>Fecha de inicio: 02/12/2015</p>\n\n<p>Fecha de t&eacute;rmino: 31/12/2015</p>\n\n<p>Grupo de edad: 19-64</p>\n\n<p>Lugar de residencia:&nbsp;Sonora</p>\n\n<p>Nivel socioecon&oacute;mico:&nbsp;A/B 20%, C+ 35%, C 35%, D+ 10%</p>\n\n<p>Nivel educativo:&nbsp;Secundaria - Doctorado</p>\n\n<p>Sexo: Ambos</p>', 2.00, 24347.14, 48694.28, NULL, '2016-09-20', 'Dirección General de Comunicación Social y Difusión', 2016, '2016-09-20', NULL, 1),
	(79, 77, 10, 1, 4, 19, 51, 1, 0, '<p>Publimetro</p>\n\n<p>Cobertura y &Aacute;mbito geogr&aacute;fico: Nacional</p>\n\n<p>Fecha de inicio: 29/04/2015</p>\n\n<p>Fecha de t&eacute;rmino: 01/05/2015</p>\n\n<p>Grupo de edad: 18-44</p>\n\n<p>Lugar de Residencia: Nacional</p>\n\n<p>Nivel socioecon&oacute;mico:&nbsp;A/B/C+ 73%, C 27%</p>\n\n<p>Nivel educativo: Preparatoria - Posgrado</p>\n\n<p>Sexo: Ambos</p>', 1.00, 25543.20, 25543.20, NULL, '2016-09-20', 'Dirección General de Comunicación Social y Difusión', 2016, '2016-09-20', NULL, 1),
	(80, 78, 12, 1, 4, 20, 58, 1, 0, '<p>Noticias Diario Binacional Sin Fronteras</p>\n\n<p>Cobertura: Estatal</p>\n\n<p>&Aacute;mbito geogr&aacute;fico: Sonora</p>\n\n<p>Fecha de inicio: 02/12/2015</p>\n\n<p>Fecha de t&eacute;rmino: 18/12/2015</p>\n\n<p>Grupo de edad: 19-50</p>\n\n<p>Lugar de residencia; Sonora</p>\n\n<p>Nivel socioecon&oacute;mico:&nbsp;A/B 18%, C+ 31%, C 30%, D+/E 9%</p>\n\n<p>Nivel educativo: Primaria - Licenciatura</p>\n\n<p>Sexo: Ambos</p>', 2.00, 8080.01, 16160.02, NULL, '2016-09-20', 'Dirección General de Comunicación Social y Difusión', 2016, '2016-09-20', NULL, 1),
	(81, 79, 2, 1, 4, 19, 53, 1, 0, '<p>La Jornada</p>\n\n<p>Cobertura y &Aacute;mbito geogr&aacute;fico: Nacional</p>\n\n<p>Grupo de edad: 13-65</p>\n\n<p>Fecha de inicio: 26/01/2015</p>\n\n<p>Fecha de t&eacute;rmino: 26/01/2015</p>\n\n<p>Lugar de Residencia: Nacional</p>\n\n<p>Nivel socioecon&oacute;mico:&nbsp;A/B/C+ 41%, C 29%, D+ 12%, D/E 18%</p>\n\n<p>Nivel educativo: Media superior a b&aacute;sica-posgrado</p>\n\n<p>Sexo: Ambos</p>', 1.00, 46235.28, 46235.28, NULL, '2016-09-20', 'Dirección General de Comunicación Social y Difusión', 2016, '2016-09-20', NULL, 1),
	(82, 80, 12, 1, 4, 24, 81, 1, 0, '<p>Revista Cambio</p>\n\n<p>Cobertura y &Aacute;mbito geogr&aacute;fico: Nacional</p>\n\n<p>Fecha de inicio: 10/12/2015</p>\n\n<p>Fecha de t&eacute;rmino: 27/12/2015</p>\n\n<p>Grupo de edad: 19-65</p>\n\n<p>Lugar de Residencia: Nacional</p>\n\n<p>Nivel socioecon&oacute;mico:&nbsp;A/B 90%, C+ 10%&nbsp;</p>\n\n<p>Nivel educativo: Licenciatura - Doctorado</p>\n\n<p>Sexo: Ambos</p>', 2.00, 46400.00, 92800.00, NULL, '2016-09-20', 'Dirección General de Comunicación Social y Difusión', 2016, '2016-09-20', NULL, 1),
	(83, 81, 12, 1, 4, 20, 58, 1, 0, '<p>El Orbe</p>\n\n<p>Cobertura: Estatal</p>\n\n<p>&Aacute;mbito geogr&aacute;ficod e cobertura: Chiapas</p>\n\n<p>Fecha de inicio: 02/12/2015</p>\n\n<p>Fecha de t&eacute;rmino: 22/12/2015</p>\n\n<p>Grupo de edad: 18-46</p>\n\n<p>Lugar de residencia: Chiapas</p>\n\n<p>Nivel socioecon&oacute;mico:&nbsp;A/B/C+ 24%, C 27%, D 49%</p>\n\n<p>Sexo: Ambos</p>', 1.00, 19585.44, 19585.44, NULL, '2016-09-20', 'Dirección General de Comunicación Social y Difusión', 2016, '2016-09-20', NULL, 1),
	(84, 82, 12, 1, 4, 20, 58, 1, 0, '<p>Meridiano de Nayarit</p>\n\n<p>Cobertura: Estatal</p>\n\n<p>&Aacute;mbito geogr&aacute;fico: Nayarit</p>\n\n<p>Fecha de inicio: 02/12/2015</p>\n\n<p>Fecha de t&eacute;rmino: 20/12/2015</p>\n\n<p>Lugar de residencia: Nayarit</p>\n\n<p>Nivel educativo: Secundaria - Posgrado</p>\n\n<p>Sexo: Ambos</p>\n\n<p>&nbsp;</p>', 2.00, 27658.57, 55317.14, NULL, '2016-09-20', 'Dirección General de Comunicación Social y Difusión', 2016, '2016-09-20', NULL, 1),
	(85, 83, 12, 1, 4, 24, 81, 1, 0, '<p>Revista TV</p>\n\n<p>Publi reportaje, Doble Plana</p>\n\n<p>Cobertura y &Aacute;mbito geogr&aacute;fico: Nacional</p>\n\n<p>Fecha de inicio: 11/12/2015</p>\n\n<p>Fecha de t&eacute;rmino: 22/12/2015</p>\n\n<p>Grupo de edad: 13-65</p>\n\n<p>Lugar de Residencia: Nacional</p>\n\n<p>Nivel socioecon&oacute;mico:&nbsp;A/B/C+ 22%, C18%, D+ 36%, D/E 24%&nbsp;</p>\n\n<p>Sexo: Ambos</p>', 1.00, 299000.00, 299000.00, NULL, '2016-09-20', 'Dirección General de Comunicación Social y Difusión', 2016, '2016-09-20', NULL, 1),
	(86, 86, 11, 1, 4, 19, 53, 1, 0, '<p>La Jornada</p>\n\n<p>Cobertura y &Aacute;mbito geogr&aacute;fico: Nacional</p>\n\n<p>Fecha de inicio: 20/08/2015</p>\n\n<p>Fecha de t&eacute;rmino: 21/08/2015</p>\n\n<p>Grupo de edad: 13-65</p>\n\n<p>Lugar de Residencia: Nacional</p>\n\n<p>Nivel socioecon&oacute;mico:&nbsp;A/B/C+ 41%, C 29%, D+ 12%, D/E 18%</p>\n\n<p>Nivel educativo:&nbsp;Media superior a b&aacute;sica-posgrado</p>\n\n<p>Sexo: Ambos</p>', 1.00, 23117.64, 23117.64, NULL, '2016-09-20', 'Dirección General de Comunicación Social y Difusión', 2016, '2016-09-20', NULL, 1),
	(87, 87, 12, 1, 4, 20, 58, 1, 0, '<p>ABC de Monterrey</p>\n\n<p>Cobertura: Estatal</p>\n\n<p>&Aacute;mbito geogr&aacute;fico de cobertura: Nuevo Le&oacute;n</p>\n\n<p>Fecha de inicio: 02/12/2015</p>\n\n<p>Fecha de t&eacute;rmino: 23/12/2015</p>\n\n<p>Grupo de edad: 18-45</p>\n\n<p>Lugar de residencia: Nuevo Le&oacute;n</p>\n\n<p>Nivel socioecon&oacute;mico:&nbsp;A/B 8%, C+ 29%, C 32%, D+ 6%</p>\n\n<p>Nivel educativo:&nbsp;Primaria-Posgrado&nbsp;</p>\n\n<p>Sexo: Ambos</p>', 3.00, 26119.69, 78359.07, NULL, '2016-09-20', 'Dirección General de Comunicación Social y Difusión', 2016, '2016-09-20', NULL, 1),
	(88, 88, 13, 1, 4, 19, 53, 1, 0, '<p>La Jornada</p>\n\n<p>Cobertura y &Aacute;mbito geogr&aacute;fico: Nacional</p>\n\n<p>Fecha de inicio: 30/09/2015</p>\n\n<p>Fecha de t&eacute;rmino: 01/10/2015</p>\n\n<p>Grupo de edad: 13-65</p>\n\n<p>Lugar de Residencia: Nacional</p>\n\n<p>Nivel socioecon&oacute;mico:&nbsp;A/B/C+ 41%, C 29%, D+ 12%, D/E 18%</p>\n\n<p>Nivel educativo:&nbsp;Media superior a b&aacute;sica-posgrado</p>\n\n<p>Sexo: Ambos</p>', 1.00, 23117.64, 23117.64, NULL, '2016-09-20', 'Dirección General de Comunicación Social y Difusión', 2016, '2016-09-20', NULL, 1),
	(89, 89, 12, 1, 6, 4, 14, 1, 0, '<p>Twitter</p>\n\n<p>Espacios Publicitarios</p>\n\n<p>Cobertura y &Aacute;mbito geogr&aacute;fico: Nacional</p>\n\n<p>Lugar de Residencia: Nacional</p>\n\n<p>Sexo: Ambos</p>', 1.00, 1940000.00, 1940000.00, NULL, '2016-09-20', 'Dirección General de Comunicación Social y Difusión', 2016, '2016-09-20', NULL, 1),
	(90, 90, 5, 1, 4, 19, 51, 1, 0, '<p>La Jornada</p>\n\n<p>Cobertura y &Aacute;mbito geogr&aacute;fico: Nacional</p>\n\n<p>Fecha de inicio: 13/11/2015</p>\n\n<p>Fecha de t&eacute;rmino: 18/11/2015</p>\n\n<p>Grupo de edad:&nbsp;13-65</p>\n\n<p>Lugar de Residencia: Nacional</p>\n\n<p>Nivel socioecon&oacute;mico:&nbsp;A/B/C+ 41%, C 29%, D+ 12%, D/E 18%</p>\n\n<p>Nivel educativo:&nbsp;Media superior a b&aacute;sica-posgrado</p>\n\n<p>Sexo: Ambos</p>', 1.00, 46235.28, 46235.28, NULL, '2016-09-20', 'Dirección General de Comunicación Social y Difusión', 2016, '2016-09-20', NULL, 1),
	(91, 92, 8, 1, 4, 19, 51, 1, 0, '<p>La Jornada</p>\n\n<p>Cobertura y &aacute;mbito geogr&aacute;fico de cobertura: Nacional</p>\n\n<p>Fecha de inicio: 09/12/2015</p>\n\n<p>Fecha de t&eacute;rmino: 10/12/2015</p>\n\n<p>Grupo de edad; 13-65</p>\n\n<p>Lugar de residencia: Nacional</p>\n\n<p>Nivel socioecon&oacute;mico:&nbsp;A/B/C+ 41%, C 29%, D+ 12%, D/E 18%</p>\n\n<p>Nivel educativo:&nbsp;Media superior a b&aacute;sica-posgrado</p>\n\n<p>Sexo: Ambos</p>', 1.00, 46235.28, 46235.28, NULL, '2016-09-20', 'Dirección General de Comunicación Social y Difusión', 2016, '2016-09-20', NULL, 1),
	(92, 93, 12, 1, 4, 19, 55, 1, 0, '<p>La Jornada</p>\n\n<p>Robaplana/ 1/4 de plana&nbsp;</p>\n\n<p>Cobertura y &aacute;mbito geogr&aacute;fico de cobertura: Nacional</p>\n\n<p>Fecha de inicio: 11/12/2015</p>\n\n<p>Fecha de t&eacute;rmino: 27/12/2015</p>\n\n<p>Grupo de edad: 13-65</p>\n\n<p>Lugar de residencia: Nacional</p>\n\n<p>Nivel socioecon&oacute;mico:&nbsp;A/B/C+ 41%, C 29%, D+ 12%, D/E 18%</p>\n\n<p>Nivel educativo:&nbsp;Media superior a b&aacute;sica-posgrado</p>\n\n<p>Sexo: Ambos</p>', 1.00, 268164.62, 268164.62, NULL, '2016-09-20', 'Dirección General de Comunicación Social y Difusión', 2016, '2016-09-20', NULL, 1),
	(93, 94, 12, 1, 4, 20, 58, 1, 0, '<p>El Debate de Mazatl&aacute;n</p>\n\n<p>Cobertura: Estatal</p>\n\n<p>&Aacute;mbito geogr&aacute;fico: Sinaloa</p>\n\n<p>Fecha de inicio: 02/12/2015</p>\n\n<p>Fecha de t&eacute;rmino: 31/12/2015</p>\n\n<p>Grupo de edad: 13-60</p>\n\n<p>Lugar de residencia; Sinaloa</p>\n\n<p>Nivel socioecon&oacute;mico:&nbsp;Bajo 51,1 %, Medio Medio 30.6%, Alto 19.3%</p>\n\n<p>Sexo: Ambos</p>', 2.00, 14979.75, 29959.50, NULL, '2016-09-20', 'Dirección General de Comunicación Social y Difusión', 2016, '2016-09-20', NULL, 1),
	(94, 95, 2, 1, 4, 20, 60, 1, 0, '<p>El Imparcial de Sonora</p>\n\n<p>Cobertura: Estatal</p>\n\n<p>&Aacute;mbito geogr&aacute;fico de cobertura: Sonora</p>\n\n<p>Fecha de inicio: 27/01/2015</p>\n\n<p>Fecha de t&eacute;rmino: 28/01/2015</p>\n\n<p>Grupo de edad: 13-65</p>\n\n<p>Lugar de residencia: Sonora</p>\n\n<p>Nivel socioecon&oacute;mico:&nbsp;A/B/C+ 41%, C 25%, D+ 23%, D/E 11%</p>\n\n<p>Nivel educativo:&nbsp;Primaria-Doctorado</p>\n\n<p>Sexo: Ambos</p>', 1.00, 10561.85, 10561.85, NULL, '2016-09-20', 'Dirección General de Comunicación Social y Difusión', 2016, '2016-09-20', NULL, 1),
	(95, 96, 12, 1, 4, 20, 58, 1, 0, '<p>Diario de Moreles</p>\n\n<p>Cobertura: Estatal</p>\n\n<p>&Aacute;mbito geogr&aacute;fico de cobertura: Morelos</p>\n\n<p>Fecha de inicio: 02/12/2015</p>\n\n<p>Fecha de t&eacute;rmino: 27/12/2015</p>\n\n<p>Grupo de edad: 18-45</p>\n\n<p>Lugar de residencia: Morelos</p>\n\n<p>Nivel socioecon&oacute;mico:&nbsp;A 3%, B 28%, C 60%, D 9%</p>\n\n<p>Nivel educativo:&nbsp;T&eacute;cnico-Doctorado&nbsp;</p>\n\n<p>Sexo: Ambos</p>', 2.00, 47151.99, 94303.98, NULL, '2016-09-20', 'Dirección General de Comunicación Social y Difusión', 2016, '2016-09-20', NULL, 1),
	(96, 97, 2, 1, 4, 19, 53, 1, 0, '<p>Milenio Diario</p>\n\n<p>Cobertura: Estatal</p>\n\n<p>&Aacute;mbito geogr&aacute;fico de cobertura: Estado de M&eacute;xico</p>\n\n<p>Fecha de inicio: 27/01/2015</p>\n\n<p>Fecha de t&eacute;rmino: 29/01/2015</p>\n\n<p>Grupo de edad: 13-64</p>\n\n<p>Lugar de residencia: Estado de M&eacute;xico</p>\n\n<p>Nivel socioecon&oacute;mico:&nbsp;A/B/C+ 28%, C26%, D+ 17%, D/E 29%</p>\n\n<p>Nivel educativo:&nbsp;Nivel Medio Superior-Posgrado</p>\n\n<p>Sexo: Ambos</p>', 1.00, 10875.00, 10875.00, NULL, '2016-09-20', 'Dirección General de Comunicación Social y Difusión', 2016, '2016-09-20', NULL, 1),
	(97, 98, 12, 1, 4, 20, 58, 1, 0, '<p>El Bravo</p>\n\n<p>Cobertura: Estatal</p>\n\n<p>&Aacute;mbito geogr&aacute;fico de cobertura: Tamaulipas</p>\n\n<p>Fecha de inicio: 02/12/2015</p>\n\n<p>Fecha de t&eacute;rmino: 31/12/2015</p>\n\n<p>Grupo de edad: 18-45</p>\n\n<p>Lugar de residencia: Tamaulipas</p>\n\n<p>Nivel socioecon&oacute;mico:&nbsp;A/B 44%, C+29%, C 24%, D+ 25%, D/E 7%</p>\n\n<p>Sexo: Ambos</p>', 2.00, 14165.49, 28330.98, NULL, '2016-09-20', 'Dirección General de Comunicación Social y Difusión', 2016, '2016-09-20', NULL, 1),
	(98, 99, 12, 1, 4, 20, 58, 1, 0, '<p>Mercurio de Tamaulipas</p>\n\n<p>Cobertura: Estatal</p>\n\n<p>&Aacute;mbito geogr&aacute;fico de cobertura: Tamaulipas</p>\n\n<p>Fecha de inicio: 02/12/2015</p>\n\n<p>Fecha de t&eacute;rmino: 31/12/2015</p>\n\n<p>Grupo de edad: 19-65</p>\n\n<p>Lugar de residencia: Tamaulipas</p>\n\n<p>Nivel socioecon&oacute;mico:&nbsp;A/B 25%, C+ 30%, C 40%, D+ 5%</p>\n\n<p>Nivel educativo:&nbsp;Secundaria-Doctorado</p>\n\n<p>Sexo: Ambos</p>', 2.00, 18052.87, 36105.74, NULL, '2016-09-20', 'Dirección General de Comunicación Social y Difusión', 2016, '2016-09-20', NULL, 1),
	(99, 100, 12, 1, 4, 20, 58, 1, 0, '<p>El Presente Diario del Sureste</p>\n\n<p>Cobertura: Estatal</p>\n\n<p>&Aacute;mbito geogr&aacute;fico de cobertura: Tabasco</p>\n\n<p>Fecha de inicio: 02/12/2015</p>\n\n<p>Fecha de t&eacute;rmino: 20/12/2015</p>\n\n<p>Grupo de edad: 20-41</p>\n\n<p>Lugar de residencia: Tabasco</p>\n\n<p>Sexo: Ambos</p>', 2.00, 21265.99, 42531.98, NULL, '2016-09-20', 'Dirección General de Comunicación Social y Difusión', 2016, '2016-09-20', NULL, 1),
	(100, 101, 2, 1, 4, 20, 60, 1, 0, '<p>El Dictamen</p>\n\n<p>Cobertura: Estatal</p>\n\n<p>&Aacute;mbito geogr&aacute;fico de cobertura: Veracruz</p>\n\n<p>Fecha de inicio: 27/01/2015</p>\n\n<p>Fecha de t&eacute;rmino: 28/01/2015</p>\n\n<p>Grupo de edad: 17-55</p>\n\n<p>Lugar de residencia: Veracruz</p>\n\n<p>Nivel socioecon&oacute;mico:&nbsp;A/B/C+ 50%, C 22%, D+ 14%, D 14%&nbsp;</p>\n\n<p>Sexo: Ambos</p>', 1.00, 6861.40, 6861.40, NULL, '2016-09-20', 'Dirección General de Comunicación Social y Difusión', 2016, '2016-09-20', NULL, 1),
	(101, 102, 12, 1, 4, 20, 58, 1, 0, '<p>Diario Independiente Tribuna</p>\n\n<p>Cobertura: Estatal</p>\n\n<p>&Aacute;mbito geogr&aacute;fico de cobertura: Campeche</p>\n\n<p>Fecha de inicio: 02/12/2015</p>\n\n<p>Fecha de t&eacute;rmino: 19/12/2015</p>\n\n<p>Grupo de edad: 17-66</p>\n\n<p>Lugar de residencia: Campeche</p>\n\n<p>Nivel socioecon&oacute;mico:&nbsp;A/B/C+ 87%, C 13%</p>\n\n<p>Nivel educativo:&nbsp;Secundaria-Profesional&nbsp;</p>\n\n<p>Sexo: Ambos</p>', 2.00, 35803.26, 71606.52, NULL, '2016-09-20', 'Dirección General de Comunicación Social y Difusión', 2016, '2016-09-20', NULL, 1),
	(102, 103, 12, 1, 4, 20, 58, 1, 0, '<p>El Presente Diario del Sureste</p>\n\n<p>Cobertura: Estatal</p>\n\n<p>&Aacute;mbito geogr&aacute;fico de cobertura: Tabasco</p>\n\n<p>Fecha de inicio: 02/12/2015</p>\n\n<p>Fecha de t&eacute;rmino: 31/12/2015</p>\n\n<p>Grupo de edad: 20-41</p>\n\n<p>Lugar de residencia: Tabasco</p>\n\n<p>Sexo: Ambos</p>', 2.00, 21265.99, 42531.98, NULL, '2016-09-20', 'Dirección General de Comunicación Social y Difusión', 2016, '2016-09-20', NULL, 1),
	(103, 104, 12, 1, 4, 20, 58, 1, 0, '<p>El Diario Grande de Michoac&aacute;n Provincia</p>\n\n<p>Cobertura: Estatal</p>\n\n<p>&Aacute;mbito geogr&aacute;fico de cobertura: Michoac&aacute;n</p>\n\n<p>Fecha de inicio: 02/12/2015</p>\n\n<p>Fecha de t&eacute;rmino: 23/12/2015</p>\n\n<p>Grupo de edad: 17-65</p>\n\n<p>Lugar de residencia: Michoac&aacute;n</p>\n\n<p>Nivel socioecon&oacute;mico:&nbsp;A/B 51%, C+ &nbsp;42%, C 7%&nbsp;</p>\n\n<p>Nivel educativo:&nbsp;Secundaria-Profesional&nbsp;</p>\n\n<p>Sexo: Ambos</p>', 2.00, 19943.60, 39887.20, NULL, '2016-09-20', 'Dirección General de Comunicación Social y Difusión', 2016, '2016-09-20', NULL, 1),
	(104, 105, 12, 1, 4, 20, 58, 1, 0, '<p>Informaci&oacute;n con Valor Vanguardia</p>\n\n<p>Cobertura: Estatal</p>\n\n<p>&Aacute;mbito geogr&aacute;fico: Coahuila</p>\n\n<p>Fecha de inicio: 02/12/2015</p>\n\n<p>Fecha de t&eacute;rmino: 23/12/2015</p>\n\n<p>Grupo de edad: 18-46</p>\n\n<p>Lugar de residencia: Coahuila</p>\n\n<p>Nivel socioecon&oacute;mico:&nbsp;A/B 9,1%, C 37.7%, D 53.20%</p>\n\n<p>Sexo: Ambos</p>', 2.00, 17975.71, 35951.42, NULL, '2016-09-20', 'Dirección General de Comunicación Social y Difusión', 2016, '2016-09-20', NULL, 1),
	(105, 106, 12, 1, 4, 20, 58, 1, 0, '<p>El Guardian</p>\n\n<p>Cobertura: Estatal</p>\n\n<p>&Aacute;mbito geogr&aacute;fico: Coahuila</p>\n\n<p>Fecha de inicio: 02/12/2015</p>\n\n<p>Fecha de t&eacute;rmino: 19/12/2015</p>\n\n<p>Grupo de edad: 18-46</p>\n\n<p>Lugar de residencia: Coahuila</p>\n\n<p>Nivel socioecon&oacute;mico:&nbsp;A/B 1,8%, C 19,9%, D 78,3%</p>\n\n<p>Sexo: Ambos</p>', 1.00, 32896.72, 32896.72, NULL, '2016-09-20', 'Dirección General de Comunicación Social y Difusión', 2016, '2016-09-20', NULL, 1),
	(106, 107, 12, 1, 4, 20, 58, 1, 0, '<p>Tribuna de los Cabos</p>\n\n<p>Cobertura: Estatal</p>\n\n<p>&Aacute;mbito geogr&aacute;fico: Baja California Sur</p>\n\n<p>Fecha de inicio: 02/12/2015</p>\n\n<p>Fecha de t&eacute;rmino: 22/12/2015</p>\n\n<p>Grupo de edad: 15-55</p>\n\n<p>Lugar de residencia: Baja California Sur</p>\n\n<p>Nivel educativo:&nbsp;Primaria-Posgrado</p>\n\n<p>Sexo: Ambos</p>', 3.00, 15312.57, 45937.71, NULL, '2016-09-20', 'Dirección General de Comunicación Social y Difusión', 2016, '2016-09-20', NULL, 1),
	(107, 108, 2, 1, 4, 20, 60, 1, 0, '<p>Hidroc&aacute;lido La Verdad por Delante</p>\n\n<p>Cobertura: Estatal</p>\n\n<p>&Aacute;mbito geogr&aacute;fico: Aguascalientes</p>\n\n<p>Fecha de inicio: 27/01/2015</p>\n\n<p>Fecha de t&eacute;rmino: 29/01/2015</p>\n\n<p>Grupo de edad: 19-65</p>\n\n<p>Lugar de residencia: Aguascalientes</p>\n\n<p>Nivel socioecon&oacute;mico:&nbsp;A/B 30%, C+ 35%, C 30%, D+ 5%</p>\n\n<p>Nivel educativo:&nbsp;Carrera T&eacute;cnica-Doctorado</p>\n\n<p>Sexo: Ambos</p>', 1.00, 13384.60, 13384.60, NULL, '2016-09-20', 'Dirección General de Comunicación Social y Difusión', 2016, '2016-09-20', NULL, 1),
	(108, 109, 12, 1, 4, 20, 58, 1, 0, '<p>Diario del Istmo</p>\n\n<p>Cobertura: Estatal</p>\n\n<p>&Aacute;mbito geogr&aacute;fico: Veracruz</p>\n\n<p>Fecha de inicio: 02/12/2015</p>\n\n<p>Fecha de t&eacute;rmino: 31/12/2015</p>\n\n<p>Grupo de edad: 19-62</p>\n\n<p>Lugar de residencia: Veracruz</p>\n\n<p>Nivel socioecon&oacute;mico:&nbsp;A/B/C+ 21%, C 68%, D+ 11%</p>\n\n<p>Nivel educativo:&nbsp;Primaria-Maestr&iacute;a</p>\n\n<p>Sexo: Ambos</p>', 2.00, 27391.55, 54783.10, NULL, '2016-09-20', 'Dirección General de Comunicación Social y Difusión', 2016, '2016-09-20', NULL, 1),
	(109, 110, 2, 1, 4, 20, 60, 1, 0, '<p>AM de Guanajuato ; Cobertura: estatal; &nbsp;&Aacute;mbito geogr&aacute;fico de cobertura: Guanajuato ; Fecha de inicio: 27/01/2015; Fecha de t&eacute;rmino: 29/01/2015; Grupo(s) de edad: 19-65; Lugar de residencia: Guanajuato ; Nivel &nbsp;sociecon&oacute;mico: A/B 20%, C+30%, C 40%, D+ 10%; Nivel educativo: Primaria-Maestr&iacute;a; Sexo: Ambos ;</p>', 1.00, 12938.64, 12938.64, NULL, '2016-09-20', 'Dirección General de Comunicación Social y Difusión', 2016, '2016-09-20', NULL, 1),
	(110, 111, 12, 1, 4, 20, 58, 1, 0, '<p>El Pulso de San Luis Potos&iacute;; Cobertura: estatal; &nbsp;&Aacute;mbito geogr&aacute;fico de cobertura: San Luis Potos&iacute; ; Fecha de inicio: 02/12/2015; Fecha de t&eacute;rmino: 31/12/2015; Grupo(s) de edad: 18-55; Lugar de residencia: San Luis Potos&iacute; ; Nivel &nbsp;sociecon&oacute;mico: Alto 28.8%, Medio 31.5%, Medio Bajo 23.7%, Bajo 16%; Nivel educativo: 0; Sexo: Ambos ;</p>', 2.00, 18273.34, 36546.68, NULL, '2016-09-20', 'Dirección General de Comunicación Social y Difusión', 2016, '2016-09-20', NULL, 1),
	(111, 112, 12, 1, 4, 20, 58, 1, 0, '<p>Hidroc&aacute;lido La Verdad por Delante; Cobertura: estatal; &nbsp;&Aacute;mbito geogr&aacute;fico de cobertura: Aguascalientes; Fecha de inicio: 02/12/2015; Fecha de t&eacute;rmino: 28/12/2015; Grupo(s) de edad: 19-65; Lugar de residencia: Aguascalientes; Nivel &nbsp;sociecon&oacute;mico: A/B 30%, C+ 35%, C 30%, D+ 5%; Nivel educativo: Carrera T&eacute;cnica-Doctorado; Sexo: Ambos ;</p>', 3.00, 24249.99, 72749.97, NULL, '2016-09-20', 'Dirección General de Comunicación Social y Difusión', 2016, '2016-09-20', NULL, 1),
	(112, 113, 12, 1, 4, 20, 58, 1, 0, '<p>Milenio Novedades; Cobertura: estatal; &nbsp;&Aacute;mbito geogr&aacute;fico de cobertura: Yucat&aacute;n ; Fecha de inicio: 02/12/2015; Fecha de t&eacute;rmino: 31/12/2015; Grupo(s) de edad: 19-64; Lugar de residencia: Yucat&aacute;n ; Nivel &nbsp;sociecon&oacute;mico: A/B 57%, C+ 25%, C 14%, D7E 4%; Nivel educativo: Preparatoria-Doctorado ; Sexo: Ambos ;</p>', 2.00, 17936.57, 35873.14, NULL, '2016-09-20', 'Dirección General de Comunicación Social y Difusión', 2016, '2016-09-20', NULL, 1),
	(113, 114, 12, 1, 4, 20, 58, 1, 0, '<p>Diario del Yaqui; Cobertura: estatal; &nbsp;&Aacute;mbito geogr&aacute;fico de cobertura: Sonora; Fecha de inicio: 02/12/2015; Fecha de t&eacute;rmino: 31/12/2015; Grupo(s) de edad: 0; Lugar de residencia: Sonora; Nivel &nbsp;sociecon&oacute;mico: A/B/C+ 29%, C 35.5%, D+ 18.5%, D 17%; Nivel educativo: Primaria-Licenciatura; Sexo: Ambos ;</p>', 2.00, 21873.60, 43747.20, NULL, '2016-09-20', 'Dirección General de Comunicación Social y Difusión', 2016, '2016-09-20', NULL, 1),
	(114, 115, 2, 1, 4, 20, 60, 1, 0, '<p>El Informador; Cobertura: estatal; &nbsp;&Aacute;mbito geogr&aacute;fico de cobertura: Jalisco; Fecha de inicio: 27/01/2015; Fecha de t&eacute;rmino: 28/01/2015; Grupo(s) de edad: 13-64; Lugar de residencia: Jalisco ; Nivel &nbsp;sociecon&oacute;mico: A/B/C+ 28%, C 22%, D+ 32%, D/E 18%; Nivel educativo: Secundaria-Posgrado; Sexo: Ambos ;</p>', 1.00, 35687.40, 35687.40, NULL, '2016-09-20', 'Dirección General de Comunicación Social y Difusión', 2016, '2016-09-20', NULL, 1),
	(115, 116, 12, 1, 4, 20, 58, 1, 0, '<p>El Debate de los Mochis; Cobertura: estatal; &nbsp;&Aacute;mbito geogr&aacute;fico de cobertura: Sinaloa ; Fecha de inicio: 02/12/2015; Fecha de t&eacute;rmino: 31/12/2015; Grupo(s) de edad: 13-60; Lugar de residencia: Sinaloa ; Nivel &nbsp;sociecon&oacute;mico: Alto y Medio Alto 20.8%, Medio Medio 28.9%, Bajo 50.3%; Nivel educativo: Primaria-Doctorado; Sexo: Ambos ;</p>', 2.00, 14979.75, 29959.50, NULL, '2016-09-20', 'Dirección General de Comunicación Social y Difusión', 2016, '2016-09-20', NULL, 1),
	(116, 117, 12, 1, 4, 20, 58, 1, 0, '<p>La Voz de Michoac&aacute;n; Cobertura: estatal; &nbsp;&Aacute;mbito geogr&aacute;fico de cobertura: Michoac&aacute;n ; Fecha de inicio: 02/12/2015; Fecha de t&eacute;rmino: 18/12/2015; Grupo(s) de edad: 17-66; Lugar de residencia: Michoac&aacute;n ; Nivel &nbsp;sociecon&oacute;mico: A/B 48%, C+ 38%, C 14% ; Nivel educativo: Secundaria-Profesional ; Sexo: Ambos ;</p>', 2.00, 17003.35, 34006.70, NULL, '2016-09-20', 'Dirección General de Comunicación Social y Difusión', 2016, '2016-09-20', NULL, 1),
	(117, 118, 2, 1, 4, 20, 60, 1, 0, '<p>Diario de Yucat&aacute;n; Cobertura: estatal; &nbsp;&Aacute;mbito geogr&aacute;fico de cobertura: Yucat&aacute;n; Fecha de inicio: 27/01/2015; Fecha de t&eacute;rmino: 28/01/2015; Grupo(s) de edad: 20-70; Lugar de residencia: Yucat&aacute;n ; Nivel &nbsp;sociecon&oacute;mico: A/B/C+ 55%, C 30%, D/E 15%; Nivel educativo: Primaria-Doctorado; Sexo: Ambos ;</p>', 1.00, 16188.68, 16188.68, NULL, '2016-09-20', 'Dirección General de Comunicación Social y Difusión', 2016, '2016-09-20', NULL, 1),
	(118, 119, 12, 2, 8, 56, 140, 1, 0, '<p>Encuesta</p>\n\n<p>Ipsos; Cobertura: NA; &nbsp;&Aacute;mbito geogr&aacute;fico de cobertura: NA; Fecha de inicio: ; Fecha de t&eacute;rmino: ; Grupo(s) de edad: 0; Lugar de residencia: 0; Nivel &nbsp;sociecon&oacute;mico: 0; Nivel educativo: 0; Sexo: 0;</p>', 1.00, 718620.00, 718620.00, NULL, '2016-09-20', 'Dirección General de Comunicación Social y Difusión', 2016, '2016-09-20', NULL, 1),
	(119, 120, 12, 1, 4, 20, 58, 1, 0, '<p>Diario de Chihuahua; Cobertura: estatal; &nbsp;&Aacute;mbito geogr&aacute;fico de cobertura: Chihuahua; Fecha de inicio: 02/12/2015; Fecha de t&eacute;rmino: 20/12/2015; Grupo(s) de edad: 19-65; Lugar de residencia: Chihuahua; Nivel &nbsp;sociecon&oacute;mico: A/B 30%, C+ 35%, C 30%, D+ 5%; Nivel educativo: Preparatoria-Doctorado; Sexo: Ambos ;</p>', 2.00, 24468.28, 48936.56, NULL, '2016-09-20', 'Dirección General de Comunicación Social y Difusión', 2016, '2016-09-20', NULL, 1),
	(120, 121, 12, 1, 4, 20, 58, 1, 0, '<p>AM de Guanajuato; Cobertura: estatal; &nbsp;&Aacute;mbito geogr&aacute;fico de cobertura: Guanajuato ; Fecha de inicio: 02/12/2015; Fecha de t&eacute;rmino: 27/12/2015; Grupo(s) de edad: 19-65; Lugar de residencia: Guanajuato ; Nivel &nbsp;sociecon&oacute;mico: A/B 20%, C+30%, C 40%, D+ 10%; Nivel educativo: Primaria-Maestr&iacute;a; Sexo: Ambos ;</p>', 2.00, 21282.45, 42564.90, NULL, '2016-09-20', 'Dirección General de Comunicación Social y Difusión', 2016, '2016-09-20', NULL, 1),
	(121, 122, 12, 1, 4, 20, 58, 1, 0, '<p>AM El Peri&oacute;dico de los Lagos; Cobertura: estatal; &nbsp;&Aacute;mbito geogr&aacute;fico de cobertura: Jalisco; Fecha de inicio: 02/12/2015; Fecha de t&eacute;rmino: 19/12/2015; Grupo(s) de edad: 19-65; Lugar de residencia: Jalisco; Nivel &nbsp;sociecon&oacute;mico: A/B 7%, C+ 10%, C 46%, D+ 37%; Nivel educativo: Primaria-Profesional ; Sexo: Ambos ;</p>', 2.00, 8483.25, 16966.50, NULL, '2016-09-20', 'Dirección General de Comunicación Social y Difusión', 2016, '2016-09-20', NULL, 1),
	(122, 123, 12, 1, 4, 20, 58, 1, 0, '<p>Peri&oacute;dico Libre de Celaya; Cobertura: estatal; &nbsp;&Aacute;mbito geogr&aacute;fico de cobertura: Guanajuato ; Fecha de inicio: 02/12/2015; Fecha de t&eacute;rmino: 18/12/2015; Grupo(s) de edad: 19-65; Lugar de residencia: Guanajuato ; Nivel &nbsp;sociecon&oacute;mico: A/B 30%, C+ 20%, C 32%, D+ 18%; Nivel educativo: Primaria-Maestr&iacute;a; Sexo: Ambos ;</p>', 2.00, 8483.25, 16966.50, NULL, '2016-09-20', 'Dirección General de Comunicación Social y Difusión', 2016, '2016-09-20', NULL, 1),
	(123, 124, 12, 1, 4, 20, 58, 1, 0, '<p>AM de Irapuato; Cobertura: estatal; &nbsp;&Aacute;mbito geogr&aacute;fico de cobertura: Guanajuato ; Fecha de inicio: 02/12/2015; Fecha de t&eacute;rmino: 23/12/2015; Grupo(s) de edad: 19-65; Lugar de residencia: Guanajuato ; Nivel &nbsp;sociecon&oacute;mico: A/B 35%, C+ 25%, C 32%, D+ 8%; Nivel educativo: Primaria-Maestr&iacute;a; Sexo: Ambos ;</p>', 2.00, 8959.58, 17919.16, NULL, '2016-09-20', 'Dirección General de Comunicación Social y Difusión', 2016, '2016-09-20', NULL, 1),
	(124, 125, 12, 1, 4, 20, 58, 1, 0, '<p>Novedades de Quintana Roo; Cobertura: estatal; &nbsp;&Aacute;mbito geogr&aacute;fico de cobertura: Quintana Roo ; Fecha de inicio: 02/12/2015; Fecha de t&eacute;rmino: 22/12/2015; Grupo(s) de edad: 19-65; Lugar de residencia: Quintana Roo ; Nivel &nbsp;sociecon&oacute;mico: A/B 46%, C+ 39%, C 15%; Nivel educativo: Carrera T&eacute;cnica-Doctorado; Sexo: Ambos ;</p>', 2.00, 23687.66, 47375.32, NULL, '2016-09-20', 'Dirección General de Comunicación Social y Difusión', 2016, '2016-09-20', NULL, 1),
	(125, 126, 12, 1, 4, 20, 58, 1, 0, '<p>El Mundo de Tehuacan; Cobertura: estatal; &nbsp;&Aacute;mbito geogr&aacute;fico de cobertura: Puebla ; Fecha de inicio: 02/12/2015; Fecha de t&eacute;rmino: 28/12/2015; Grupo(s) de edad: 18-45; Lugar de residencia: Puebla ; Nivel &nbsp;sociecon&oacute;mico: 0; Nivel educativo: 0; Sexo: Ambos ;</p>', 2.00, 14448.53, 28897.06, NULL, '2016-09-20', 'Dirección General de Comunicación Social y Difusión', 2016, '2016-09-20', NULL, 1),
	(126, 127, 12, 1, 4, 20, 58, 1, 0, '<p>El Mundo de C&oacute;rdova; Cobertura: estatal; &nbsp;&Aacute;mbito geogr&aacute;fico de cobertura: Veracruz; Fecha de inicio: 02/12/2015; Fecha de t&eacute;rmino: 31/12/2015; Grupo(s) de edad: 19-54; Lugar de residencia: Veracruz; Nivel &nbsp;sociecon&oacute;mico: AB 30%, C+ 35%, C 30%, D+ 5%; Nivel educativo: Secundaria-Doctorado ; Sexo: Ambos ;</p>', 2.00, 20786.69, 41573.38, NULL, '2016-09-20', 'Dirección General de Comunicación Social y Difusión', 2016, '2016-09-20', NULL, 1),
	(127, 128, 12, 1, 4, 20, 58, 1, 0, '<p>Expreso M&aacute;s Personal; Cobertura: estatal; &nbsp;&Aacute;mbito geogr&aacute;fico de cobertura: Sonora; Fecha de inicio: 02/12/2015; Fecha de t&eacute;rmino: 31/12/2015; Grupo(s) de edad: 17-66; Lugar de residencia: Sonora; Nivel &nbsp;sociecon&oacute;mico: A 17%, B 49%, C 32% D 2%; Nivel educativo: 0; Sexo: Ambos ;</p>', 2.00, 24810.85, 49621.70, NULL, '2016-09-20', 'Dirección General de Comunicación Social y Difusión', 2016, '2016-09-20', NULL, 1),
	(128, 129, 12, 1, 4, 20, 58, 1, 0, '<p>Diario de Ju&aacute;rez; Cobertura: estatal; &nbsp;&Aacute;mbito geogr&aacute;fico de cobertura: Chihuahua; Fecha de inicio: 02/12/2015; Fecha de t&eacute;rmino: 18/12/2015; Grupo(s) de edad: 18-50; Lugar de residencia: Chihuahua; Nivel &nbsp;sociecon&oacute;mico: A 14%, B 45%, C 26%, D 15%; Nivel educativo: 0; Sexo: Ambos ;</p>', 2.00, 39173.48, 78346.96, NULL, '2016-09-20', 'Dirección General de Comunicación Social y Difusión', 2016, '2016-09-20', NULL, 1),
	(129, 130, 12, 1, 4, 24, 81, 1, 0, '<p>Revista TV y Novelas; Cobertura: nacional; &nbsp;&Aacute;mbito geogr&aacute;fico de cobertura: Nacional; Fecha de inicio: 10/12/2015; Fecha de t&eacute;rmino: 28/12/2015; Grupo(s) de edad: 13-45; Lugar de residencia: Nacional ; Nivel &nbsp;sociecon&oacute;mico: A/B/C+ 19%, C 29%, D+ 34%, D/E 18%; Nivel educativo: 0; Sexo: Ambos ;</p>', 2.00, 103386.16, 206772.32, NULL, '2016-09-20', 'Dirección General de Comunicación Social y Difusión', 2016, '2016-09-20', NULL, 1),
	(130, 131, 12, 1, 4, 20, 58, 1, 0, '<p>La Opini&oacute;n de Poza Rica; Cobertura: estatal; &nbsp;&Aacute;mbito geogr&aacute;fico de cobertura: Veracruz; Fecha de inicio: 02/12/2015; Fecha de t&eacute;rmino: 31/12/2015; Grupo(s) de edad: 18-46; Lugar de residencia: Veracruz; Nivel &nbsp;sociecon&oacute;mico: 0; Nivel educativo: Primaria-Posgrado; Sexo: Ambos ;</p>', 2.00, 15645.98, 31291.96, NULL, '2016-09-20', 'Dirección General de Comunicación Social y Difusión', 2016, '2016-09-20', NULL, 1),
	(131, 132, 12, 1, 4, 20, 58, 1, 0, '<p>El Debate de Culiac&aacute;n; Cobertura: estatal; &nbsp;&Aacute;mbito geogr&aacute;fico de cobertura: Sinaloa ; Fecha de inicio: 02/12/2015; Fecha de t&eacute;rmino: 31/12/2015; Grupo(s) de edad: 13-60; Lugar de residencia: Sinaloa ; Nivel &nbsp;sociecon&oacute;mico: Bajo 51,1 %, Medio Medio 30.6%, Alto 19.3%; Nivel educativo: 0; Sexo: Ambos ;</p>', 2.00, 18403.75, 36807.50, NULL, '2016-09-20', 'Dirección General de Comunicación Social y Difusión', 2016, '2016-09-20', NULL, 1),
	(132, 133, 12, 1, 4, 20, 58, 1, 0, '<p>De Peso; Cobertura: estatal; &nbsp;&Aacute;mbito geogr&aacute;fico de cobertura: Yucat&aacute;n ; Fecha de inicio: 02/12/2015; Fecha de t&eacute;rmino: 17/12/2015; Grupo(s) de edad: 18-55; Lugar de residencia: Yucat&aacute;n ; Nivel &nbsp;sociecon&oacute;mico: B 11%, C 73%, D 16% ; Nivel educativo: 0; Sexo: Ambos ;</p>', 2.00, 12938.71, 25877.42, NULL, '2016-09-20', 'Dirección General de Comunicación Social y Difusión', 2016, '2016-09-20', NULL, 1),
	(133, 134, 2, 1, 4, 19, 53, 1, 0, '<p>Milenio Diario; Cobertura: nacional; &nbsp;&Aacute;mbito geogr&aacute;fico de cobertura: Nacional; Fecha de inicio: 23/01/2015; Fecha de t&eacute;rmino: 27/01/2015; Grupo(s) de edad: 13-64; Lugar de residencia: Nacional ; Nivel &nbsp;sociecon&oacute;mico: A/B/C+ 44%, C 28%, D+ 14%, D/E 14%; Nivel educativo: Primaria-Licenciatura; Sexo: Ambos ;</p>', 1.00, 29232.00, 29232.00, NULL, '2016-09-20', 'Dirección General de Comunicación Social y Difusión', 2016, '2016-09-20', NULL, 1),
	(134, 135, 17, 1, 4, 19, 50, 1, 0, '<p>Milenio Diario; Cobertura: nacional; &nbsp;&Aacute;mbito geogr&aacute;fico de cobertura: Nacional; Fecha de inicio: 18/06/2015; Fecha de t&eacute;rmino: 21/06/2015; Grupo(s) de edad: 13-64; Lugar de residencia: Nacional ; Nivel &nbsp;sociecon&oacute;mico: A/B/C+ 44%, C 28%, D+ 14%, D/E 14%; Nivel educativo: Primaria-Licenciatura; Sexo: Ambos ;</p>', 1.00, 93426.40, 93426.40, NULL, '2016-09-20', 'Dirección General de Comunicación Social y Difusión', 2016, '2016-09-20', NULL, 1),
	(135, 136, 6, 1, 4, 19, 53, 1, 0, '<p>Milenio Diario; Cobertura: nacional; &nbsp;&Aacute;mbito geogr&aacute;fico de cobertura: Nacional; Fecha de inicio: 22/05/2015; Fecha de t&eacute;rmino: 25/05/2015; Grupo(s) de edad: 13-64 (se coloc&oacute; 18-60); Lugar de residencia: Nacional ; Nivel &nbsp;sociecon&oacute;mico: A/B/C+ 44%, C 28%, D+ 14%, D/E 14%; Nivel educativo: Primaria-Licenciatura; Sexo: Ambos ;</p>', 1.00, 23356.60, 23356.60, NULL, '2016-09-20', 'Dirección General de Comunicación Social y Difusión', 2016, '2016-09-20', NULL, 1),
	(136, 137, 11, 1, 4, 19, 51, 1, 0, '<p>Milenio Diario; Cobertura: nacional; &nbsp;&Aacute;mbito geogr&aacute;fico de cobertura: Nacional; Fecha de inicio: 21/08/2015; Fecha de t&eacute;rmino: 24/08/2015; Grupo(s) de edad: 13-64; Lugar de residencia: Nacional ; Nivel &nbsp;sociecon&oacute;mico: A/B/C+ 44%, C 28%, D+ 14%, D/E 14%; Nivel educativo: Primaria-Licenciatura; Sexo: Ambos ;</p>', 1.00, 56055.84, 56055.84, NULL, '2016-09-20', 'Dirección General de Comunicación Social y Difusión', 2016, '2016-09-20', NULL, 1),
	(137, 138, 13, 1, 4, 19, 51, 1, 0, '<p>Milenio Diario; Cobertura: nacional; &nbsp;&Aacute;mbito geogr&aacute;fico de cobertura: Nacional; Fecha de inicio: 01/10/2015; Fecha de t&eacute;rmino: 02/10/2015; Grupo(s) de edad: 13-64; Lugar de residencia: Nacional ; Nivel &nbsp;sociecon&oacute;mico: A/B/C+ 44%, C 28%, D+ 14%, D/E 14%; Nivel educativo: Primaria-Licenciatura; Sexo: Ambos ;</p>', 1.00, 56055.84, 56055.84, NULL, '2016-09-20', 'Dirección General de Comunicación Social y Difusión', 2016, '2016-09-20', NULL, 1),
	(138, 139, 12, 1, 4, 19, 51, 1, 0, '<p>Cobertura y &Aacute;mbito geogr&aacute;fico: Nacional<br />\nGrupo de edad: 13-64<br />\nLugar de residencia: Nacional<br />\nNivel socioecon&oacute;mico:&nbsp;A/B/C+ 44%, C 28%, D+ 14%, D/E 14%<br />\nNivel educativo:&nbsp;Primaria-Licenciatura<br />\nSexo: Ambos</p>', 1.00, 56055.84, 56055.84, NULL, '2016-09-20', 'Dirección General de Comunicación Social y Difusión', 2016, '2016-09-20', NULL, 1),
	(139, 140, 5, 1, 4, 19, 51, 1, 0, '<p>Milenio Diario; Cobertura: nacional; &nbsp;&Aacute;mbito geogr&aacute;fico de cobertura: Nacional; Fecha de inicio: 13/11/2015; Fecha de t&eacute;rmino: 17/11/2015; Grupo(s) de edad: 13-65 (se coloc&oacute; 18-60); Lugar de residencia: Nacional ; Nivel &nbsp;sociecon&oacute;mico: A/B/C+ 44%, C 28%, D+ 14%, D/E 14%; Nivel educativo: Primaria-Licenciatura; Sexo: Ambos ;</p>', 1.00, 56055.84, 56055.84, NULL, '2016-09-20', 'Dirección General de Comunicación Social y Difusión', 2016, '2016-09-20', NULL, 1),
	(140, 141, 12, 1, 4, 19, 55, 1, 0, '<p>Robaplana/ 1/4 de plana</p>\n\n<p>Milenio Diario; Cobertura: nacional; &nbsp;&Aacute;mbito geogr&aacute;fico de cobertura: Nacional; Fecha de inicio: 11/12/2015; Fecha de t&eacute;rmino: 26/12/2015; Grupo(s) de edad: 13-64; Lugar de residencia: Nacional ; Nivel &nbsp;sociecon&oacute;mico: A/B/C+ 44%, C 28%, D+ 14%, D/E 14%; Nivel educativo: Primaria-Licenciatura; Sexo: Ambos ;</p>', 1.00, 280279.20, 280279.20, NULL, '2016-09-20', 'Dirección General de Comunicación Social y Difusión', 2016, '2016-09-20', NULL, 1),
	(141, 142, 7, 1, 4, 19, 51, 1, 0, '<p>El Universal; Cobertura: nacional; &nbsp;&Aacute;mbito geogr&aacute;fico de cobertura: Nacional; Fecha de inicio: 06/01/2015; Fecha de t&eacute;rmino: 06/01/2015; Grupo(s) de edad: 13-65; Lugar de residencia: Nacional ; Nivel &nbsp;sociecon&oacute;mico: A/B/C+ 26%,C 30%, D+ 18%, D/E 24%; Nivel educativo: 0; Sexo: Ambos ;</p>', 1.00, 19662.00, 19662.00, NULL, '2016-09-20', 'Dirección General de Comunicación Social y Difusión', 2016, '2016-09-20', NULL, 1),
	(142, 143, 10, 1, 4, 19, 51, 1, 0, '<p>El Universal; Cobertura: nacional; &nbsp;&Aacute;mbito geogr&aacute;fico de cobertura: Nacional; Fecha de inicio: 29/04/2015; Fecha de t&eacute;rmino: 02/05/2015; Grupo(s) de edad: 13-65; Lugar de residencia: Nacional ; Nivel &nbsp;sociecon&oacute;mico: A/B/C+ 26%,C 30%, D+ 18%, D/E 24%; Nivel educativo: 0; Sexo: Ambos ;</p>', 1.00, 40437.60, 40437.60, NULL, '2016-09-20', 'Dirección General de Comunicación Social y Difusión', 2016, '2016-09-20', NULL, 1),
	(143, 144, 12, 1, 4, 20, 58, 1, 0, '<p>El Imparcial del Istmo; Cobertura: estatal; &nbsp;&Aacute;mbito geogr&aacute;fico de cobertura: Oaxaca; Fecha de inicio: 02/12/2015; Fecha de t&eacute;rmino: 21/12/2015; Grupo(s) de edad: 17-66; Lugar de residencia: Oaxaca; Nivel &nbsp;sociecon&oacute;mico: A/B 48%, C+ 37%, C 15% ; Nivel educativo: 0; Sexo: Ambos ;</p>', 2.00, 9369.41, 18738.82, NULL, '2016-09-20', 'Dirección General de Comunicación Social y Difusión', 2016, '2016-09-20', NULL, 1),
	(144, 145, 12, 1, 4, 20, 58, 1, 0, '<p>El Imparcial, El Mejor Diario de Oaxaca; Cobertura: estatal; &nbsp;&Aacute;mbito geogr&aacute;fico de cobertura: Oaxaca; Fecha de inicio: 02/12/2015; Fecha de t&eacute;rmino: 18/12/2015; Grupo(s) de edad: 17-66; Lugar de residencia: Oaxaca; Nivel &nbsp;sociecon&oacute;mico: A/B 39%, C+ 55%, C 6% ; Nivel educativo: Secundaria-Profesional; Sexo: Ambos ;</p>', 2.00, 21113.91, 42227.82, NULL, '2016-09-20', 'Dirección General de Comunicación Social y Difusión', 2016, '2016-09-20', NULL, 1),
	(145, 146, 6, 1, 4, 19, 53, 1, 0, '<p>El Universal; Cobertura: nacional; &nbsp;&Aacute;mbito geogr&aacute;fico de cobertura: Nacional; Fecha de inicio: 25/05/2015; Fecha de t&eacute;rmino: 25/05/2015; Grupo(s) de edad: 13-65 (se coloc&oacute; 18-60); Lugar de residencia: Nacional ; Nivel &nbsp;sociecon&oacute;mico: A/B/C+ 26%,C 30%, D+ 18%, D/E 24%; Nivel educativo: 0; Sexo: Ambos ;</p>', 1.00, 30804.96, 30804.96, NULL, '2016-09-20', 'Dirección General de Comunicación Social y Difusión', 2016, '2016-09-20', NULL, 1),
	(146, 147, 17, 1, 4, 19, 50, 1, 0, '<p>El Universal; Cobertura: nacional; &nbsp;&Aacute;mbito geogr&aacute;fico de cobertura: Nacional; Fecha de inicio: 19/06/2015; Fecha de t&eacute;rmino: 22/06/2015; Grupo(s) de edad: 13-65; Lugar de residencia: Nacional ; Nivel &nbsp;sociecon&oacute;mico: A/B/C+ 26%,C 30%, D+ 18%, D/E 24%; Nivel educativo: 0; Sexo: Ambos ;</p>', 1.00, 107817.36, 107817.36, NULL, '2016-09-20', 'Dirección General de Comunicación Social y Difusión', 2016, '2016-09-20', NULL, 1),
	(147, 148, 12, 1, 4, 24, 81, 1, 0, '<p>Revista Proceso; Cobertura: nacional; &nbsp;&Aacute;mbito geogr&aacute;fico de cobertura: Nacional; Fecha de inicio: 10/12/2015; Fecha de t&eacute;rmino: 27/12/2015; Grupo(s) de edad: 13-64; Lugar de residencia: Nacional ; Nivel &nbsp;sociecon&oacute;mico: A/B/C+ 47%, C 18%, D+ 22%, D/E 13% ; Nivel educativo: Secundaria-Posgrado ; Sexo: Ambos ;</p>', 2.00, 70992.00, 141984.00, NULL, '2016-09-20', 'Dirección General de Comunicación Social y Difusión', 2016, '2016-09-20', NULL, 1),
	(148, 149, 11, 1, 4, 19, 51, 1, 0, '<p>El Universal; Cobertura: nacional; &nbsp;&Aacute;mbito geogr&aacute;fico de cobertura: Nacional; Fecha de inicio: 19/08/2015; Fecha de t&eacute;rmino: 20/08/2015; Grupo(s) de edad: 13-65; Lugar de residencia: Nacional ; Nivel &nbsp;sociecon&oacute;mico: A/B/C+ 26%,C 30%, D+ 18%, D/E 24%; Nivel educativo: 0; Sexo: Ambos ;</p>', 1.00, 53908.68, 53908.68, NULL, '2016-09-20', 'Dirección General de Comunicación Social y Difusión', 2016, '2016-09-20', NULL, 1),
	(149, 150, 13, 1, 4, 19, 51, 1, 0, '<p>El Universal; Cobertura: nacional; &nbsp;&Aacute;mbito geogr&aacute;fico de cobertura: Nacional; Fecha de inicio: 30/09/2015; Fecha de t&eacute;rmino: 01/10/2015; Grupo(s) de edad: 13-65; Lugar de residencia: Nacional ; Nivel &nbsp;sociecon&oacute;mico: A/B/C+ 26%,C 30%, D+ 18%, D/E 24%; Nivel educativo: 0; Sexo: Ambos ;</p>', 1.00, 53908.68, 53908.68, NULL, '2016-09-20', 'Dirección General de Comunicación Social y Difusión', 2016, '2016-09-20', NULL, 1),
	(150, 151, 1, 1, 4, 19, 56, 1, 0, '<p>Otro: 18,7 cm base X 9 cm de alto&nbsp;</p>\n\n<p>El Universal; Cobertura: nacional; &nbsp;&Aacute;mbito geogr&aacute;fico de cobertura: Nacional; Fecha de inicio: 09/11/2015; Fecha de t&eacute;rmino: 11/11/2015; Grupo(s) de edad: 13-65; Lugar de residencia: Nacional ; Nivel &nbsp;sociecon&oacute;mico: A/B/C+ 26%,C 30%, D+ 18%, D/E 24%; Nivel educativo: 0; Sexo: Ambos ;</p>', 3.00, 13108.00, 39324.00, NULL, '2016-09-20', 'Dirección General de Comunicación Social y Difusión', 2016, '2016-09-20', NULL, 1),
	(151, 152, 8, 1, 4, 19, 51, 1, 0, '<p>El Universal; Cobertura: nacional; &nbsp;&Aacute;mbito geogr&aacute;fico de cobertura: Nacional; Fecha de inicio: 09/12/2015; Fecha de t&eacute;rmino: 10/12/2015; Grupo(s) de edad: 13-65; Lugar de residencia: Nacional ; Nivel &nbsp;sociecon&oacute;mico: A/B/C+ 26%,C 30%, D+ 18%, D/E 24%; Nivel educativo: 0; Sexo: Ambos ;</p>', 1.00, 43117.20, 43117.20, NULL, '2016-09-20', 'Dirección General de Comunicación Social y Difusión', 2016, '2016-09-20', NULL, 1),
	(152, 153, 5, 1, 4, 19, 51, 1, 0, '<p>El Universal; Cobertura: nacional; &nbsp;&Aacute;mbito geogr&aacute;fico de cobertura: Nacional; Fecha de inicio: 12/11/2015; Fecha de t&eacute;rmino: 23/11/2015; Grupo(s) de edad: 13-65 (se coloc&oacute; 18-60); Lugar de residencia: Nacional ; Nivel &nbsp;sociecon&oacute;mico: A/B/C+ 26%,C 30%, D+ 18%, D/E 24%; Nivel educativo: 0; Sexo: Ambos ;</p>', 1.00, 74858.28, 74858.28, NULL, '2016-09-20', 'Dirección General de Comunicación Social y Difusión', 2016, '2016-09-20', NULL, 1),
	(153, 154, 12, 1, 4, 19, 51, 1, 0, '<p>El Universal; Cobertura: nacional; &nbsp;&Aacute;mbito geogr&aacute;fico de cobertura: Nacional; Fecha de inicio: 03/12/2015; Fecha de t&eacute;rmino: 04/12/2015; Grupo(s) de edad: 13-65; Lugar de residencia: Nacional ; Nivel &nbsp;sociecon&oacute;mico: A/B/C+ 26%,C 30%, D+ 18%, D/E 24%; Nivel educativo: 0; Sexo: Ambos ;</p>', 1.00, 43117.20, 43117.20, NULL, '2016-09-20', 'Dirección General de Comunicación Social y Difusión', 2016, '2016-09-20', NULL, 1),
	(154, 155, 12, 1, 4, 19, 55, 1, 0, '<p>Robaplana/ 1/4 de plana&nbsp;</p>\n\n<p>El Universal; Cobertura: nacional; &nbsp;&Aacute;mbito geogr&aacute;fico de cobertura: Nacional; Fecha de inicio: 11/12/2015; Fecha de t&eacute;rmino: 27/12/2015; Grupo(s) de edad: 13-65; Lugar de residencia: Nacional ; Nivel &nbsp;sociecon&oacute;mico: A/B/C+ 26%,C 30%, D+ 18%, D/E 24%; Nivel educativo: 0; Sexo: Ambos ;</p>', 1.00, 310616.68, 310616.68, NULL, '2016-09-20', 'Dirección General de Comunicación Social y Difusión', 2016, '2016-09-20', NULL, 1),
	(155, 156, 12, 1, 6, 2, 3, 1, 0, '<p>Box banner</p>\n\n<p>http://www.eluniversal.com.mx; Cobertura: nacional; &nbsp;&Aacute;mbito geogr&aacute;fico de cobertura: Nacional; Fecha de inicio: ; Fecha de t&eacute;rmino: ; Grupo(s) de edad: 0; Lugar de residencia: Nacional ; Nivel &nbsp;sociecon&oacute;mico: 0; Nivel educativo: 0; Sexo: Ambos ;</p>', 1.00, 284200.00, 284200.00, NULL, '2016-09-20', 'Dirección General de Comunicación Social y Difusión', 2016, '2016-09-20', NULL, 1),
	(156, 157, 4, 1, 6, 2, 3, 1, 0, '<p>wide banner</p>\n\n<p>http://www.eluniversal.com.mx; Cobertura: nacional; &nbsp;&Aacute;mbito geogr&aacute;fico de cobertura: Nacional; Fecha de inicio: 14/11/2015; Fecha de t&eacute;rmino: 15/12/2015; Grupo(s) de edad: 0; Lugar de residencia: Nacional ; Nivel &nbsp;sociecon&oacute;mico: 0; Nivel educativo: 0; Sexo: Ambos ;</p>', 1.00, 66502.80, 66502.80, NULL, '2016-09-20', 'Dirección General de Comunicación Social y Difusión', 2016, '2016-09-20', NULL, 1),
	(157, 158, 2, 1, 4, 20, 60, 1, 0, '<p>El Norte; Cobertura: estatal; &nbsp;&Aacute;mbito geogr&aacute;fico de cobertura: Nuevo Le&oacute;n ; Fecha de inicio: 27/01/2015; Fecha de t&eacute;rmino: 28/01/2015; Grupo(s) de edad: 13-64; Lugar de residencia: Nuevo Le&oacute;n ; Nivel &nbsp;sociecon&oacute;mico: A/B/C+ 52.55%, C 18.99%, D+ 18.05%, D/E 10.40%; Nivel educativo: 0; Sexo: Ambos ;</p>', 1.00, 38035.01, 38035.01, NULL, '2016-09-20', 'Dirección General de Comunicación Social y Difusión', 2016, '2016-09-20', NULL, 1),
	(158, 159, 10, 1, 4, 19, 55, 1, 0, '<p>Reforma; Cobertura: nacional; &nbsp;&Aacute;mbito geogr&aacute;fico de cobertura: Nacional; Fecha de inicio: 29/04/2015; Fecha de t&eacute;rmino: 01/05/2015; Grupo(s) de edad: 13-64; Lugar de residencia: Nacional ; Nivel &nbsp;sociecon&oacute;mico: A/B/C+ 38.21%, C 18.95%, D+ 31.46%, D/E 11.38% ; Nivel educativo: 0; Sexo: Ambos ;</p>', 1.00, 34493.76, 34493.76, NULL, '2016-09-20', 'Dirección General de Comunicación Social y Difusión', 2016, '2016-09-20', NULL, 1),
	(159, 160, 6, 1, 4, 20, 60, 1, 0, '<p>Reforma; Cobertura: nacional; &nbsp;&Aacute;mbito geogr&aacute;fico de cobertura: Nacional; Fecha de inicio: 25/05/2015; Fecha de t&eacute;rmino: 25/05/2015; Grupo(s) de edad: 13-64 (se coloc&oacute; 18-60); Lugar de residencia: Nacional ; Nivel &nbsp;sociecon&oacute;mico: A/B/C+ 38.21%, C 18.95%, D+ 31.46%, D/E 11.38% ; Nivel educativo: 0; Sexo: Ambos ;</p>', 1.00, 36503.81, 36503.81, NULL, '2016-09-20', 'Dirección General de Comunicación Social y Difusión', 2016, '2016-09-20', NULL, 1),
	(160, 161, 17, 1, 4, 19, 51, 1, 0, '<p>Reforma; Cobertura: nacional; &nbsp;&Aacute;mbito geogr&aacute;fico de cobertura: Nacional; Fecha de inicio: 22/06/2015; Fecha de t&eacute;rmino: 23/06/2015; Grupo(s) de edad: 13-64; Lugar de residencia: Nacional ; Nivel &nbsp;sociecon&oacute;mico: A/B/C+ 38.21%, C 18.95%, D+ 31.46%, D/E 11.38% ; Nivel educativo: 0; Sexo: Ambos ;</p>', 1.00, 66785.38, 66785.38, NULL, '2016-09-20', 'Dirección General de Comunicación Social y Difusión', 2016, '2016-09-20', NULL, 1),
	(161, 162, 13, 1, 4, 19, 51, 1, 0, '<p>Reforma; Cobertura: nacional; &nbsp;&Aacute;mbito geogr&aacute;fico de cobertura: Nacional; Fecha de inicio: 02/10/2015; Fecha de t&eacute;rmino: 05/10/2015; Grupo(s) de edad: 13-64; Lugar de residencia: Nacional ; Nivel &nbsp;sociecon&oacute;mico: A/B/C+ 38.21%, C 18.95%, D+ 31.46%, D/E 11.38% ; Nivel educativo: 0; Sexo: Ambos ;</p>', 1.00, 63881.66, 63881.66, NULL, '2016-09-20', 'Dirección General de Comunicación Social y Difusión', 2016, '2016-09-20', NULL, 1),
	(162, 163, 12, 1, 4, 19, 51, 1, 0, '<p>Reforma; Cobertura: nacional; &nbsp;&Aacute;mbito geogr&aacute;fico de cobertura: Nacional; Fecha de inicio: 03/12/2015; Fecha de t&eacute;rmino: 06/12/2015; Grupo(s) de edad: 13-64; Lugar de residencia: Nacional ; Nivel &nbsp;sociecon&oacute;mico: A/B/C+ 38.21%, C 18.95%, D+ 31.46%, D/E 11.38% ; Nivel educativo: 0; Sexo: Ambos ;</p>', 1.00, 79530.53, 79530.53, NULL, '2016-09-20', 'Dirección General de Comunicación Social y Difusión', 2016, '2016-09-20', NULL, 1),
	(163, 164, 12, 1, 4, 19, 55, 1, 0, '<p>Robaplana/ 1/4 de plana&nbsp;</p>\n\n<p>Reforma; Cobertura: nacional; &nbsp;&Aacute;mbito geogr&aacute;fico de cobertura: Nacional; Fecha de inicio: 11/12/2015; Fecha de t&eacute;rmino: 29/12/2015; Grupo(s) de edad: 13-64; Lugar de residencia: Nacional ; Nivel &nbsp;sociecon&oacute;mico: A/B/C+ 38.21%, C 18.95%, D+ 31.46%, D/E 11.38% ; Nivel educativo: 0; Sexo: Ambos ;</p>', 1.00, 227984.08, 227984.08, NULL, '2016-09-20', 'Dirección General de Comunicación Social y Difusión', 2016, '2016-09-20', NULL, 1),
	(164, 165, 12, 1, 6, 4, 14, 1, 0, '<p>Espacios Publicitarios</p>\n\n<p>Google; Cobertura: nacional; &nbsp;&Aacute;mbito geogr&aacute;fico de cobertura: Nacional; Fecha de inicio: ; Fecha de t&eacute;rmino: ; Grupo(s) de edad: 0; Lugar de residencia: Nacional ; Nivel &nbsp;sociecon&oacute;mico: 0; Nivel educativo: 0; Sexo: Ambos ;</p>', 1.00, 2126280.00, 2126280.00, NULL, '2016-09-20', 'Dirección General de Comunicación Social y Difusión', 2016, '2016-09-20', NULL, 1),
	(171, 84, 6, 1, 4, 19, 53, 1, 0, '<p>La Jornada</p>\n\n<p>Cobertura: Nacional</p>\n\n<p>&Aacute;mbito geogr&aacute;fico: Nacional</p>\n\n<p>Fecha de inicio: 22/05/2015</p>\n\n<p>Fecha de t&eacute;rmino: 25/05/2015</p>\n\n<p>Grupo de edad: 13-65</p>\n\n<p>Lugar de residencia: Nacional</p>\n\n<p>Nivel socioecon&oacute;mico: A/B/C+&nbsp;41%, C&nbsp;29%, D+ 12%, D/E&nbsp;18%</p>\n\n<p>Nivel educativo: Media superior a b&aacute;sica-posgrado</p>\n\n<p>Sexo: Ambos</p>', 1.00, 26816.46, 26816.46, NULL, '2016-09-20', 'Dirección General de Comunicación Social y Difusión', 2016, '2016-09-20', NULL, 1),
	(172, 85, 17, 1, 4, 19, 50, 1, 0, '<p>La Jornada</p>\n\n<p>Cobertura: Nacional</p>\n\n<p>&Aacute;mbito geogr&aacute;fico: Nacional</p>\n\n<p>Fecha de inicio: 22/06/2015</p>\n\n<p>Fecha de t&eacute;rmino: 23/06/2015</p>\n\n<p>Grupo de edad: 13-65</p>\n\n<p>Lugar de residencia: Nacional</p>\n\n<p>Nivel socioecon&oacute;mico: A/B/C+ 41%, C&nbsp;29%, D+12%, D/E&nbsp;18%&nbsp;</p>\n\n<p>Nivel educativo: Media superior a b&aacute;sica-posgrado</p>\n\n<p>Sexo: Ambos</p>', 1.00, 92470.56, 92470.56, NULL, '2016-09-20', 'Dirección General de Comunicación Social y Difusión', 2016, '2016-09-20', NULL, 1),
	(173, 91, 12, 1, 4, 19, 51, 1, 0, '<p>La Jornada</p>\n\n<p>Cobertura: Nacional</p>\n\n<p>&Aacute;mbito geogr&aacute;fico: Nacional</p>\n\n<p>Fecha de inicio: 03/12/2015</p>\n\n<p>Fecha de t&eacute;rmino: 04/12/2015</p>\n\n<p>Grupo de edad: 13-65</p>\n\n<p>Lugar de residencia: Nacional</p>\n\n<p>Nivel socioecon&oacute;mico: A/B/C+ 41%, C&nbsp;29%, D/+ 12%, D/E&nbsp;18%&nbsp;</p>\n\n<p>Nivel educativo: Media superior a b&aacute;sica-posgrado</p>\n\n<p>Sexo: Ambos</p>', 1.00, 46235.28, 46235.28, NULL, '2016-09-20', 'Dirección General de Comunicación Social y Difusión', 2016, '2016-09-20', NULL, 1),
	(174, 38, 15, 2, 10, 68, 169, 1, 0, '<p>Nombre comercial del proveedor: XSN Group;</p>\n\n<p>Cobertura: nacional; &nbsp;</p>\n\n<p>&Aacute;mbito geogr&aacute;fico de cobertura: Nacional;</p>\n\n<p>Fecha de inicio: 16/07/2015;</p>\n\n<p>Fecha de t&eacute;rmino: 16/07/2015;</p>\n\n<p>Grupo(s) de edad: 0;</p>\n\n<p>Lugar de residencia: 0;</p>\n\n<p>Nivel &nbsp;sociecon&oacute;mico: 0;</p>\n\n<p>Nivel educativo: 0;</p>\n\n<p>Sexo: 0;</p>\n\n<p>Unidad del servicio o producto adquirido: &nbsp;Transmisi&oacute;n y codificaci&oacute;n;</p>\n\n<p>&nbsp;</p>', 1.00, 7203.60, 7203.60, NULL, '2016-09-20', 'Dirección General de Comunicación Social y Difusión', 2016, '2016-09-20', NULL, 1),
	(175, 166, 12, 1, 6, 2, 3, 1, 0, '<p>Unidad: Leaderboard<br />\nCobertura: Nacional<br />\n&Aacute;mbito geogr&aacute;fico: Nacional<br />\nLugar de residencia: Nacional<br />\nSexo: Ambos</p>', 1.00, 232000.00, 232000.00, NULL, '2016-09-20', 'Dirección General de Comunicación Social y Difusión', 2016, '2016-09-20', NULL, 1),
	(184, 171, 12, 2, 7, 66, 164, 1, 0, '<p>Libelula; Cobertura: NA; &nbsp;&Aacute;mbito geogr&aacute;fico de cobertura: NA; Fecha de inicio: ; Fecha de t&eacute;rmino: ; Grupo(s) de edad: 0; Lugar de residencia: 0; Nivel &nbsp;sociecon&oacute;mico: 0; Nivel educativo: 0; Sexo: 0;</p>', 1.00, 26192.80, 26192.80, NULL, '2016-09-20', 'Dirección General de Comunicación Social y Difusión', 2016, '2016-09-20', NULL, 1),
	(185, 170, 12, 2, 7, 66, 164, 1, 0, '<p>CNK; Cobertura: NA; &nbsp;&Aacute;mbito geogr&aacute;fico de cobertura: NA; Fecha de inicio: ; Fecha de t&eacute;rmino: ; Grupo(s) de edad: 0; Lugar de residencia: 0; Nivel &nbsp;sociecon&oacute;mico: 0; Nivel educativo: 0; Sexo: 0;</p>', 1.00, 34800.00, 34800.00, NULL, '2016-09-20', 'Dirección General de Comunicación Social y Difusión', 2016, '2016-09-20', NULL, 1);
/*!40000 ALTER TABLE `tab_facturas_desglose` ENABLE KEYS */;

-- Volcando datos para la tabla rusiainf_inai.tab_ordenes_compra: ~156 rows (aproximadamente)
/*!40000 ALTER TABLE `tab_ordenes_compra` DISABLE KEYS */;
INSERT INTO `tab_ordenes_compra` (`id_orden_compra`, `id_procedimiento`, `id_proveedor`, `id_contrato`, `id_ejercicio`, `id_trimestre`, `id_so_contratante`, `id_so_solicitante`, `id_campana_aviso`, `numero_orden_compra`, `descripcion_justificacion`, `motivo_adjudicacion`, `fecha_orden`, `file_orden`, `fecha_validacion`, `area_responsable`, `periodo`, `fecha_actualizacion`, `nota`, `active`) VALUES
	(1, 2, 1, 1, 1, 2, 1, 1, 1, 'Sin orden de compra', '<p>Sin Orden de Compra</p>', '', '2015-12-18', NULL, NULL, NULL, NULL, NULL, NULL, 1),
	(4, 2, 1, 1, 1, 1, 1, 1, 7, 'OI-01-15', '<p>Nombre comercial del proveedor: El Universal</p>\n\n<p>Promedio de circulaci&oacute;n, &aacute;mbito geogr&aacute;fico de cobertura, perfil del lector&nbsp;</p>', '<p>Art. 17 del Presupuesto de Egresos de la Federaci&oacute;n para el Ejercicio Fiscal 2015</p>', '2015-01-06', NULL, '2016-09-20', 'Dirección General de Comunicación Social y Difusión', 2016, '2016-09-20', NULL, 1),
	(5, 2, 4, 1, 1, 2, 1, 1, 6, 'OI-01-15 INAI', '<p>Nombre comercial del proveedor: La Cr&oacute;nica</p>\n\n<p>Promedio de circulaci&oacute;n, &aacute;mbito geogr&aacute;fico de cobertura, perfil del lector&nbsp;</p>', '<p>Art. 17 del Presupuesto de Egresos de la Federaci&oacute;n para el Ejercicio Fiscal 2015</p>', '2015-05-19', NULL, '2016-09-20', 'Dirección General de Comunicación Social y Difusión', 2016, '2016-09-20', NULL, 1),
	(6, 2, 2, 1, 1, 1, 1, 1, 2, 'OI-02-15', '<p>Nombre comercial del proveedor: La Jornada</p>\n\n<p>Promedio de circulaci&oacute;n, &aacute;mbito geogr&aacute;fico de cobertura, perfil del lector&nbsp;</p>', '<p>Art. 17 del Presupuesto de Egresos de la Federaci&oacute;n para el Ejercicio Fiscal 2015</p>', '2015-01-23', NULL, '2016-09-20', 'Dirección General de Comunicación Social y Difusión', 2016, '2016-09-20', NULL, 1),
	(7, 2, 2, 1, 1, 2, 1, 1, 6, 'OI-02-15 INAI', '<p>Nombre comercial del proveedor: La Jornada</p>\n\n<p>Promedio de circulaci&oacute;n, &aacute;mbito geogr&aacute;fico de cobertura, perfil del lector&nbsp;</p>', '<p>Art. 17 del Presupuesto de Egresos de la Federaci&oacute;n para el Ejercicio Fiscal 2015</p>', '2015-05-22', NULL, '2016-09-20', 'Dirección General de Comunicación Social y Difusión', 2016, '2016-09-20', NULL, 1),
	(8, 2, 5, 1, 1, 1, 1, 1, 2, 'OI-03-15', '<p>Nombre comercial del proveedor: Milenio Diario</p>\n\n<p>Promedio de circulaci&oacute;n, &aacute;mbito geogr&aacute;fico de cobertura, perfil del lector&nbsp;</p>', '<p>Art. 17 del Presupuesto de Egresos de la Federaci&oacute;n para el Ejercicio Fiscal 2015</p>', '2015-01-23', NULL, '2016-09-20', 'Dirección General de Comunicación Social y Difusión', 2016, '2016-09-20', NULL, 1),
	(9, 2, 5, 1, 1, 2, 1, 1, 6, 'OI-03-15 INAI', '<p>Nombre comercial del proveedor: Milenio Diario</p>\n\n<p>Promedio de circulaci&oacute;n, &aacute;mbito geogr&aacute;fico de cobertura, perfil del lector&nbsp;</p>', '<p>Art. 17 del Presupuesto de Egresos de la Federaci&oacute;n para el Ejercicio Fiscal 2015</p>', '2015-05-22', NULL, '2016-09-20', 'Dirección General de Comunicación Social y Difusión', 2016, '2016-09-20', NULL, 1),
	(10, 2, 52, 1, 1, 1, 1, 1, 2, 'OI-04-15', '<p>Nombre comercial del proveedor: Heraldo de Chihuahua</p>\n\n<p>Promedio de circulaci&oacute;n, &aacute;mbito geogr&aacute;fico de cobertura, perfil del lector&nbsp;</p>', '<p>Art. 17 del Presupuesto de Egresos de la Federaci&oacute;n para el Ejercicio Fiscal 2015</p>', '2015-01-27', NULL, '2016-09-20', 'Dirección General de Comunicación Social y Difusión', 2016, '2016-09-20', NULL, 1),
	(11, 2, 1, 1, 1, 2, 1, 1, 6, 'OI-04-15 INAI', '<p>Nombre comercial del proveedor: El Universal</p>\n\n<p>Promedio de circulaci&oacute;n, &aacute;mbito geogr&aacute;fico de cobertura, perfil del lector&nbsp;</p>', '<p>Art. 17 del Presupuesto de Egresos de la Federaci&oacute;n para el Ejercicio Fiscal 2015</p>', '2015-05-25', NULL, '2016-09-20', 'Dirección General de Comunicación Social y Difusión', 2016, '2016-09-20', NULL, 1),
	(12, 2, 40, 1, 1, 1, 1, 1, 2, 'OI-05-15', '<p>Nombre comercial del proveedor: El Imparcial de Sonora</p>\n\n<p>Promedio de circulaci&oacute;n, &aacute;mbito geogr&aacute;fico de cobertura, perfil del lector&nbsp;</p>', '<p>Art. 17 del Presupuesto de Egresos de la Federaci&oacute;n para el Ejercicio Fiscal 2015</p>', '2015-01-27', NULL, '2016-09-20', 'Dirección General de Comunicación Social y Difusión', 2016, '2016-09-20', NULL, 1),
	(13, 2, 47, 1, 1, 2, 1, 1, 6, 'OI-05-15 INAI', '<p>Nombre comercial del proveedor: Reforma</p>\n\n<p>Promedio de circulaci&oacute;n, &aacute;mbito geogr&aacute;fico de cobertura, perfil del lector&nbsp;</p>', '<p>Art. 17 del Presupuesto de Egresos de la Federaci&oacute;n para el Ejercicio Fiscal 2015</p>', '2015-05-25', NULL, '2016-09-20', 'Dirección General de Comunicación Social y Difusión', 2016, '2016-09-20', NULL, 1),
	(14, 2, 30, 1, 1, 1, 1, 1, 2, 'OI-06-15', '<p>Nombre comercial del proveedor: Diario de Yucat&aacute;n</p>\n\n<p>Promedio de circulaci&oacute;n, &aacute;mbito geogr&aacute;fico de cobertura, perfil del lector&nbsp;</p>', '<p>Art. 17 del Presupuesto de Egresos de la Federaci&oacute;n para el Ejercicio Fiscal 2015</p>', '2015-01-27', NULL, '2016-09-20', 'Dirección General de Comunicación Social y Difusión', 2016, '2016-09-20', NULL, 1),
	(15, 2, 5, 1, 1, 2, 1, 1, 17, 'OI-06-15 INAI', '<p>Nombre comercial del proveedor: Milenio Diario</p>\n\n<p>Promedio de circulaci&oacute;n, &aacute;mbito geogr&aacute;fico de cobertura, perfil del lector&nbsp;</p>', '<p>Art. 17 del Presupuesto de Egresos de la Federaci&oacute;n para el Ejercicio Fiscal 2015</p>', '2015-06-18', NULL, '2016-09-20', 'Dirección General de Comunicación Social y Difusión', 2016, '2016-09-20', NULL, 1),
	(16, 2, 47, 1, 1, 1, 1, 1, 2, 'OI-07-15', '<p>Nombre comercial del proveedor: El Norte</p>\n\n<p>Promedio de circulaci&oacute;n, &aacute;mbito geogr&aacute;fico de cobertura, perfil del lector&nbsp;</p>', '<p>Art. 17 del Presupuesto de Egresos de la Federaci&oacute;n para el Ejercicio Fiscal 2015</p>', '2015-01-27', NULL, '2016-09-20', 'Dirección General de Comunicación Social y Difusión', 2016, '2016-09-20', NULL, 1),
	(17, 2, 13, 1, 1, 2, 1, 1, 17, 'OI-07-15 INAI', '<p>Nombre comercial del proveedor:&nbsp;La Cr&oacute;nica</p>\n\n<p>Promedio de circulaci&oacute;n, &aacute;mbito geogr&aacute;fico de cobertura, perfil del lector&nbsp;</p>', '<p>Art. 17 del Presupuesto de Egresos de la Federaci&oacute;n para el Ejercicio Fiscal 2015</p>', '2015-06-20', NULL, '2016-09-20', 'Dirección General de Comunicación Social y Difusión', 2016, '2016-09-20', NULL, 1),
	(18, 2, 43, 1, 1, 1, 1, 1, 2, 'OI-08-15', '<p>Nombre comercial del proveedor: El Informador</p>\n\n<p>Promedio de circulaci&oacute;n, &aacute;mbito geogr&aacute;fico de cobertura, perfil del lector&nbsp;</p>', '<p>Art. 17 del Presupuesto de Egresos de la Federaci&oacute;n para el Ejercicio Fiscal 2015</p>', '2015-01-27', NULL, '2016-09-20', 'Dirección General de Comunicación Social y Difusión', 2016, '2016-09-20', NULL, 1),
	(19, 2, 1, 1, 1, 2, 1, 1, 17, 'OI-08-15 INAI', '<p>Nombre comercial del proveedor: El Universal</p>\n\n<p>Promedio de circulaci&oacute;n, &aacute;mbito geogr&aacute;fico de cobertura, perfil del lector&nbsp;</p>', '<p>Art. 17 del Presupuesto de Egresos de la Federaci&oacute;n para el Ejercicio Fiscal 2015</p>', '2015-06-19', NULL, '2016-09-20', 'Dirección General de Comunicación Social y Difusión', 2016, '2016-09-20', NULL, 1),
	(20, 2, 8, 1, 1, 1, 1, 1, 2, 'OI-09-15', '<p>Nombre comercial del proveedor: El Dictamen</p>\n\n<p>Promedio de circulaci&oacute;n, &aacute;mbito geogr&aacute;fico de cobertura, perfil del lector&nbsp;</p>', '<p>Art. 17 del Presupuesto de Egresos de la Federaci&oacute;n para el Ejercicio Fiscal 2015</p>', '2015-01-27', NULL, '2016-09-20', 'Dirección General de Comunicación Social y Difusión', 2016, '2016-09-20', NULL, 1),
	(21, 2, 2, 1, 1, 2, 1, 1, 17, 'OI-09-15 INAI', '<p>Nombre comercial del proveedor: La Jornada</p>\n\n<p>Promedio de circulaci&oacute;n, &aacute;mbito geogr&aacute;fico de cobertura, perfil del lector&nbsp;</p>', '<p>Art. 17 del Presupuesto de Egresos de la Federaci&oacute;n para el Ejercicio Fiscal 2015</p>', '2015-06-22', NULL, '2016-09-20', 'Dirección General de Comunicación Social y Difusión', 2016, '2016-09-20', NULL, 1),
	(22, 2, 52, 1, 1, 1, 1, 1, 2, 'OI-10-15', '<p>Nombre comercial del proveedor: El Sol de Zacatecas</p>\n\n<p>Promedio de circulaci&oacute;n, &aacute;mbito geogr&aacute;fico de cobertura, perfil del lector&nbsp;</p>', '<p>Art. 17 del Presupuesto de Egresos de la Federaci&oacute;n para el Ejercicio Fiscal 2015</p>', '2015-01-27', NULL, '2016-09-20', 'Dirección General de Comunicación Social y Difusión', 2016, '2016-09-20', NULL, 1),
	(23, 2, 47, 1, 1, 2, 1, 1, 17, 'OI-10-15 INAI', '<p>Nombre comercial del proveedor: Reforma</p>\n\n<p>Promedio de circulaci&oacute;n, &aacute;mbito geogr&aacute;fico de cobertura, perfil del lector&nbsp;</p>', '<p>Art. 17 del Presupuesto de Egresos de la Federaci&oacute;n para el Ejercicio Fiscal 2015</p>', '2015-06-22', NULL, '2016-09-20', 'Dirección General de Comunicación Social y Difusión', 2016, '2016-09-20', NULL, 1),
	(24, 2, 52, 1, 1, 1, 1, 1, 2, 'OI-11-15', '<p>Nombre comercial del proveedor: El Sol de Morelia</p>\n\n<p>Promedio de circulaci&oacute;n, &aacute;mbito geogr&aacute;fico de cobertura, perfil del lector&nbsp;</p>', '<p>Art. 17 del Presupuesto de Egresos de la Federaci&oacute;n para el Ejercicio Fiscal 2015</p>', '2015-01-27', NULL, '2016-09-20', 'Dirección General de Comunicación Social y Difusión', 2016, '2016-09-20', NULL, 1),
	(25, 2, 1, 1, 1, 3, 1, 1, 11, 'OI-11-15 INAI', '<p>Nombre comercial del proveedor: El Universal</p>\n\n<p>Promedio de circulaci&oacute;n, &aacute;mbito geogr&aacute;fico de cobertura, perfil del lector&nbsp;</p>', '<p>Art. 17 del Presupuesto de Egresos de la Federaci&oacute;n para el Ejercicio Fiscal 2015</p>', '2015-06-19', NULL, '2016-09-20', 'Dirección General de Comunicación Social y Difusión', 2016, '2016-09-20', NULL, 1),
	(26, 2, 52, 1, 1, 1, 1, 1, 2, 'OI-12-15', '<p>Nombre comercial del proveedor: El Sol de Puebla</p>\n\n<p>Promedio de circulaci&oacute;n, &aacute;mbito geogr&aacute;fico de cobertura, perfil del lector&nbsp;</p>', '<p>Art. 17 del Presupuesto de Egresos de la Federaci&oacute;n para el Ejercicio Fiscal 2015</p>', '2015-01-27', NULL, '2016-09-20', 'Dirección General de Comunicación Social y Difusión', 2016, '2016-09-20', NULL, 1),
	(27, 2, 2, 1, 1, 3, 1, 1, 11, 'OI-12-15 INAI', '<p>Nombre comercial del proveedor: La Jornada</p>\n\n<p>Promedio de circulaci&oacute;n, &aacute;mbito geogr&aacute;fico de cobertura, perfil del lector&nbsp;</p>', '<p>Art. 17 del Presupuesto de Egresos de la Federaci&oacute;n para el Ejercicio Fiscal 2015</p>', '2015-08-20', NULL, '2016-09-20', 'Dirección General de Comunicación Social y Difusión', 2016, '2016-09-20', NULL, 1),
	(28, 2, 52, 1, 1, 1, 1, 1, 2, 'OI-13-15', '<p>Nombre comercial del proveedor: El Sol de Tijuana</p>\n\n<p>Promedio de circulaci&oacute;n, &aacute;mbito geogr&aacute;fico de cobertura, perfil del lector&nbsp;</p>', '<p>Art. 17 del Presupuesto de Egresos de la Federaci&oacute;n para el Ejercicio Fiscal 2015</p>', '2015-01-27', NULL, '2016-09-20', 'Dirección General de Comunicación Social y Difusión', 2016, '2016-09-20', NULL, 1),
	(29, 2, 5, 1, 1, 3, 1, 1, 11, 'OI-13-15 INAI', '<p>Nombre comercial del proveedor: Milenio Diario</p>\n\n<p>Promedio de circulaci&oacute;n, &aacute;mbito geogr&aacute;fico de cobertura, perfil del lector&nbsp;</p>', '', '2015-08-21', NULL, NULL, NULL, NULL, NULL, NULL, 1),
	(30, 2, 16, 1, 1, 1, 1, 1, 2, 'OI-14-15', '<p>Nombre comercial del proveedor: AM de Guanajuato</p>\n\n<p>Promedio de circulaci&oacute;n, &aacute;mbito geogr&aacute;fico de cobertura, perfil del lector&nbsp;</p>', '<p>Art. 17 del Presupuesto de Egresos de la Federaci&oacute;n para el Ejercicio Fiscal 2015</p>', '2015-01-27', NULL, '2016-09-20', 'Dirección General de Comunicación Social y Difusión', 2016, '2016-09-20', NULL, 1),
	(31, 2, 67, 1, 1, 4, 1, 1, 13, 'OI-14-15 INAI', '<p>Nombre comercial del proveedor: Revista del Abogado</p>\n\n<p>Promedio de circulaci&oacute;n, &aacute;mbito geogr&aacute;fico de cobertura, perfil del lector&nbsp;</p>', '<p>Art. 17 del Presupuesto de Egresos de la Federaci&oacute;n para el Ejercicio Fiscal 2015</p>', '2015-09-22', NULL, '2016-09-20', 'Dirección General de Comunicación Social y Difusión', 2016, '2016-09-20', NULL, 1),
	(32, 2, 93, 1, 1, 1, 1, 1, 2, 'OI-15-15', '<p>Nombre comercial del proveedor: Hidroc&aacute;lido La Verdad por Delante</p>\n\n<p>Promedio de circulaci&oacute;n, &aacute;mbito geogr&aacute;fico de cobertura, perfil del lector&nbsp;</p>', '<p>Art. 17 del Presupuesto de Egresos de la Federaci&oacute;n para el Ejercicio Fiscal 2015</p>', '2015-01-27', NULL, '2016-09-20', 'Dirección General de Comunicación Social y Difusión', 2016, '2016-09-20', NULL, 1),
	(33, 2, 1, 1, 1, 4, 1, 1, 13, 'OI-15-15 INAI', '<p>Nombre comercial del proveedor: El Universal</p>\n\n<p>Promedio de circulaci&oacute;n, &aacute;mbito geogr&aacute;fico de cobertura, perfil del lector&nbsp;</p>', '<p>Art. 17 del Presupuesto de Egresos de la Federaci&oacute;n para el Ejercicio Fiscal 2015</p>', '2015-09-30', NULL, '2016-09-20', 'Dirección General de Comunicación Social y Difusión', 2016, '2016-09-20', NULL, 1),
	(34, 2, 5, 1, 1, 1, 1, 1, 2, 'OI-16-15', '<p>Nombre comercial del proveedor: Milenio Diario</p>\n\n<p>Promedio de circulaci&oacute;n, &aacute;mbito geogr&aacute;fico de cobertura, perfil del lector&nbsp;</p>', '<p>Art. 17 del Presupuesto de Egresos de la Federaci&oacute;n para el Ejercicio Fiscal 2015</p>', '2015-01-27', NULL, '2016-09-20', 'Dirección General de Comunicación Social y Difusión', 2016, '2016-09-20', NULL, 1),
	(35, 2, 2, 1, 1, 4, 1, 1, 13, 'OI-16-15 INAI', '<p>Nombre comercial del proveedor: La Jornada</p>\n\n<p>Promedio de circulaci&oacute;n, &aacute;mbito geogr&aacute;fico de cobertura, perfil del lector&nbsp;</p>', '<p>Art. 17 del Presupuesto de Egresos de la Federaci&oacute;n para el Ejercicio Fiscal 2015</p>', '2015-09-30', NULL, '2016-09-20', 'Dirección General de Comunicación Social y Difusión', 2016, '2016-09-20', NULL, 1),
	(36, 2, 47, 1, 1, 2, 1, 1, 10, 'OI-17-15', '<p>Nombre comercial del proveedor: Reforma</p>\n\n<p>Promedio de circulaci&oacute;n, &aacute;mbito geogr&aacute;fico de cobertura, perfil del lector&nbsp;</p>', '<p>Art. 17 del Presupuesto de Egresos de la Federaci&oacute;n para el Ejercicio Fiscal 2015</p>', '2015-04-29', NULL, '2016-09-20', 'Dirección General de Comunicación Social y Difusión', 2016, '2016-09-20', NULL, 1),
	(37, 2, 5, 1, 1, 4, 1, 1, 13, 'OI-17-15 INAI', '<p>Nombre comercial del proveedor:&nbsp;Milenio Diario</p>\n\n<p>Promedio de circulaci&oacute;n, &aacute;mbito geogr&aacute;fico de cobertura, perfil del lector&nbsp;</p>', '<p>Art. 17 del Presupuesto de Egresos de la Federaci&oacute;n para el Ejercicio Fiscal 2015</p>', '2015-10-01', NULL, '2016-09-20', 'Dirección General de Comunicación Social y Difusión', 2016, '2016-09-20', NULL, 1),
	(38, 2, 6, 1, 1, 2, 1, 1, 10, 'OI-18-15', '<p>Nombre comercial del proveedor: Publimetro</p>\n\n<p>Promedio de circulaci&oacute;n, &aacute;mbito geogr&aacute;fico de cobertura, perfil del lector&nbsp;</p>', '<p>Art. 17 del Presupuesto de Egresos de la Federaci&oacute;n para el Ejercicio Fiscal 2015</p>', '2015-04-29', NULL, '2016-09-20', 'Dirección General de Comunicación Social y Difusión', 2016, '2016-09-20', NULL, 1),
	(39, 2, 47, 1, 1, 4, 1, 1, 13, 'OI-18-15 INAI', '<p>Nombre comercial del proveedor: Reforma</p>\n\n<p>Promedio de circulaci&oacute;n, &aacute;mbito geogr&aacute;fico de cobertura, perfil del lector&nbsp;</p>', '<p>Art. 17 del Presupuesto de Egresos de la Federaci&oacute;n para el Ejercicio Fiscal 2015</p>', '2015-10-02', NULL, '2016-09-20', 'Dirección General de Comunicación Social y Difusión', 2016, '2016-09-20', NULL, 1),
	(40, 2, 1, 1, 1, 2, 1, 1, 10, 'OI-19-15', '<p>Nombre comercial del proveedor: El Universal</p>\n\n<p>Promedio de circulaci&oacute;n, &aacute;mbito geogr&aacute;fico de cobertura, perfil del lector&nbsp;</p>', '<p>Art. 17 del Presupuesto de Egresos de la Federaci&oacute;n para el Ejercicio Fiscal 2015</p>', '2015-04-29', NULL, '2016-09-20', 'Dirección General de Comunicación Social y Difusión', 2016, '2016-09-20', NULL, 1),
	(41, 2, 1, 1, 1, 4, 1, 1, 1, 'OI-19-15 INAI', '<p>Nombre comercial del proveedor: El Universal</p>\n\n<p>Promedio de circulaci&oacute;n, &aacute;mbito geogr&aacute;fico de cobertura, perfil del lector&nbsp;</p>', '<p>Art. 17 del Presupuesto de Egresos de la Federaci&oacute;n para el Ejercicio Fiscal 2015</p>', '2015-11-09', NULL, '2016-09-20', 'Dirección General de Comunicación Social y Difusión', 2016, '2016-09-20', NULL, 1),
	(42, 2, 1, 1, 1, 4, 1, 1, 5, 'OI-20-15 INAI', '<p>Nombre comercial del proveedor: El Universal</p>\n\n<p>Promedio de circulaci&oacute;n, &aacute;mbito geogr&aacute;fico de cobertura, perfil del lector&nbsp;</p>', '<p>Art. 17 del Presupuesto de Egresos de la Federaci&oacute;n para el Ejercicio Fiscal 2015</p>', '2015-11-12', NULL, '2016-09-20', 'Dirección General de Comunicación Social y Difusión', 2016, '2016-09-20', NULL, 1),
	(43, 2, 2, 1, 1, 4, 1, 1, 5, 'OI-21-15 INAI', '<p>Nombre comercial del proveedor: La Jornada</p>\n\n<p>Promedio de circulaci&oacute;n, &aacute;mbito geogr&aacute;fico de cobertura, perfil del lector&nbsp;</p>', '<p>Art. 17 del Presupuesto de Egresos de la Federaci&oacute;n para el Ejercicio Fiscal 2015</p>', '2015-11-13', NULL, '2016-09-20', 'Dirección General de Comunicación Social y Difusión', 2016, '2016-09-20', NULL, 1),
	(44, 2, 5, 1, 1, 4, 1, 1, 5, 'OI-22-15 INAI', '<p>Nombre comercial del proveedor: Milenio Diario</p>\n\n<p>Promedio de circulaci&oacute;n, &aacute;mbito geogr&aacute;fico de cobertura, perfil del lector&nbsp;</p>', '<p>Art. 17 del Presupuesto de Egresos de la Federaci&oacute;n para el Ejercicio Fiscal 2015</p>', '2015-11-13', NULL, '2016-09-20', 'Dirección General de Comunicación Social y Difusión', 2016, '2016-09-20', NULL, 1),
	(45, 2, 60, 1, 1, 4, 1, 1, 11, 'OI-23-15 INAI', '<p>Nombre comercial del proveedor: Revista Z&oacute;calo</p>\n\n<p>Promedio de circulaci&oacute;n, &aacute;mbito geogr&aacute;fico de cobertura, perfil del lector&nbsp;</p>', '<p>Art. 17 del Presupuesto de Egresos de la Federaci&oacute;n para el Ejercicio Fiscal 2015</p>', '2015-11-13', NULL, '2016-09-20', 'Dirección General de Comunicación Social y Difusión', 2016, '2016-09-20', NULL, 1),
	(46, 2, 65, 1, 1, 4, 1, 1, 12, 'OI-24-15 INAI', '<p>Nombre comercial del proveedor: Revista Emeequis</p>\n\n<p>Promedio de circulaci&oacute;n, &aacute;mbito geogr&aacute;fico de cobertura, perfil del lector&nbsp;</p>', '<p>Art. 17 del Presupuesto de Egresos de la Federaci&oacute;n para el Ejercicio Fiscal 2015</p>', '2015-12-02', NULL, '2016-09-20', 'Dirección General de Comunicación Social y Difusión', 2016, '2016-09-20', NULL, 1),
	(47, 2, 93, 1, 1, 4, 1, 1, 12, 'OI-25-15 INAI', '<p>Nombre comercial del proveedor: Hidroc&aacute;lido La Verdad por Delante</p>\n\n<p>Promedio de circulaci&oacute;n, &aacute;mbito geogr&aacute;fico de cobertura, perfil del lector&nbsp;</p>', '<p>Art. 17 del Presupuesto de Egresos de la Federaci&oacute;n para el Ejercicio Fiscal 2015</p>', '2015-12-02', NULL, '2016-09-20', 'Dirección General de Comunicación Social y Difusión', 2016, '2016-09-20', NULL, 1),
	(48, 2, 44, 1, 1, 4, 1, 1, 12, 'OI-26-15 INAI', '<p>Nombre comercial del proveedor: El Mexicano Gran Diario Regional</p>\n\n<p>Promedio de circulaci&oacute;n, &aacute;mbito geogr&aacute;fico de cobertura, perfil del lector&nbsp;</p>', '<p>Art. 17 del Presupuesto de Egresos de la Federaci&oacute;n para el Ejercicio Fiscal 2015</p>', '2015-12-02', NULL, '2016-09-20', 'Dirección General de Comunicación Social y Difusión', 2016, '2016-09-20', NULL, 1),
	(49, 2, 12, 1, 1, 4, 1, 1, 12, 'OI-27-15 INAI', '<p>Nombre comercial del proveedor: Tribuna de los Cabos</p>\n\n<p>Promedio de circulaci&oacute;n, &aacute;mbito geogr&aacute;fico de cobertura, perfil del lector&nbsp;</p>', '<p>Art. 17 del Presupuesto de Egresos de la Federaci&oacute;n para el Ejercicio Fiscal 2015</p>', '2015-12-02', NULL, '2016-09-20', 'Dirección General de Comunicación Social y Difusión', 2016, '2016-09-20', NULL, 1),
	(50, 2, 34, 1, 1, 4, 1, 1, 12, 'OI-28-15 INAI', '<p>Nombre comercial del proveedor: Diario IndependienteTribuna</p>\n\n<p>Promedio de circulaci&oacute;n, &aacute;mbito geogr&aacute;fico de cobertura, perfil del lector&nbsp;</p>', '<p>Art. 17 del Presupuesto de Egresos de la Federaci&oacute;n para el Ejercicio Fiscal 2015</p>', '2015-12-02', NULL, '2016-09-20', 'Dirección General de Comunicación Social y Difusión', 2016, '2016-09-20', NULL, 1),
	(51, 2, 48, 1, 1, 4, 1, 1, 12, 'OI-29-15 INAI', '<p>Nombre comercial del proveedor: El Orbe</p>\n\n<p>Promedio de circulaci&oacute;n, &aacute;mbito geogr&aacute;fico de cobertura, perfil del lector&nbsp;</p>', '<p>Art. 17 del Presupuesto de Egresos de la Federaci&oacute;n para el Ejercicio Fiscal 2015</p>', '2015-12-02', NULL, '2016-09-20', 'Dirección General de Comunicación Social y Difusión', 2016, '2016-09-20', NULL, 1),
	(52, 2, 33, 1, 1, 4, 1, 1, 12, 'OI-30-15 INAI', '<p>Nombre comercial del proveedor: Diario Expresi&oacute;n de Chiapas</p>\n\n<p>Promedio de circulaci&oacute;n, &aacute;mbito geogr&aacute;fico de cobertura, perfil del lector&nbsp;</p>', '<p>Art. 17 del Presupuesto de Egresos de la Federaci&oacute;n para el Ejercicio Fiscal 2015</p>', '2015-12-02', NULL, '2016-09-20', 'Dirección General de Comunicación Social y Difusión', 2016, '2016-09-20', NULL, 1),
	(53, 2, 28, 1, 1, 4, 1, 1, 12, 'OI-31-15 INAI', '<p>Nombre comercial del proveedor: Diario de Ju&aacute;rez</p>\n\n<p>Promedio de circulaci&oacute;n, &aacute;mbito geogr&aacute;fico de cobertura, perfil del lector&nbsp;</p>', '<p>Art. 17 del Presupuesto de Egresos de la Federaci&oacute;n para el Ejercicio Fiscal 2015</p>', '2015-12-02', NULL, '2016-09-20', 'Dirección General de Comunicación Social y Difusión', 2016, '2016-09-20', NULL, 1),
	(54, 2, 16, 1, 1, 4, 1, 1, 12, 'OI-32-15 INAI', '<p>Nombre comercial del proveedor: AM de Guanajuato</p>\n\n<p>Promedio de circulaci&oacute;n, &aacute;mbito geogr&aacute;fico de cobertura, perfil del lector&nbsp;</p>', '<p>Art. 17 del Presupuesto de Egresos de la Federaci&oacute;n para el Ejercicio Fiscal 2015</p>', '2015-12-02', NULL, '2016-09-20', 'Dirección General de Comunicación Social y Difusión', 2016, '2016-09-20', NULL, 1),
	(55, 2, 16, 1, 1, 4, 1, 1, 12, 'OI-33-15 INAI', '<p>Nombre comercial del proveedor: AM El Peri&oacute;dico de los Lagos</p>\n\n<p>Promedio de circulaci&oacute;n, &aacute;mbito geogr&aacute;fico de cobertura, perfil del lector&nbsp;</p>', '<p>Art. 17 del Presupuesto de Egresos de la Federaci&oacute;n para el Ejercicio Fiscal 2015</p>', '2015-12-02', NULL, '2016-09-20', 'Dirección General de Comunicación Social y Difusión', 2016, '2016-09-20', NULL, 1),
	(56, 2, 80, 1, 1, 4, 1, 1, 12, 'OI-34-15 INAI', '<p>Nombre comercial del proveedor: La Voz de Michoac&aacute;n</p>\n\n<p>Promedio de circulaci&oacute;n, &aacute;mbito geogr&aacute;fico de cobertura, perfil del lector&nbsp;</p>', '<p>Art. 17 del Presupuesto de Egresos de la Federaci&oacute;n para el Ejercicio Fiscal 2015</p>', '2015-12-02', NULL, '2016-09-20', 'Dirección General de Comunicación Social y Difusión', 2016, '2016-09-20', NULL, 1),
	(57, 2, 41, 1, 1, 4, 1, 1, 12, 'OI-35-15 INAI', '<p>Nombre comercial del proveedor: El Imparcial, El Mejor Diario de Oaxaca</p>\n\n<p>Promedio de circulaci&oacute;n, &aacute;mbito geogr&aacute;fico de cobertura, perfil del lector&nbsp;</p>', '<p>Art. 17 del Presupuesto de Egresos de la Federaci&oacute;n para el Ejercicio Fiscal 2015</p>', '2015-12-02', NULL, '2016-09-20', 'Dirección General de Comunicación Social y Difusión', 2016, '2016-09-20', NULL, 1),
	(58, 2, 45, 1, 1, 4, 1, 1, 12, 'OI-36-15 INAI', '<p>Nombre comercial del proveedor: El Mundo de Tehuacan</p>\n\n<p>Promedio de circulaci&oacute;n, &aacute;mbito geogr&aacute;fico de cobertura, perfil del lector&nbsp;</p>', '<p>Art. 17 del Presupuesto de Egresos de la Federaci&oacute;n para el Ejercicio Fiscal 2015</p>', '2015-12-02', NULL, '2016-09-20', 'Dirección General de Comunicación Social y Difusión', 2016, '2016-09-21', NULL, 1),
	(59, 2, 73, 1, 1, 4, 1, 1, 12, 'OI-37-15 INAI', '<p>Nombre comercial del proveedor: Noticias Diario Binacional Sin Fronteras</p>\n\n<p>Promedio de circulaci&oacute;n, &aacute;mbito geogr&aacute;fico de cobertura, perfil del lector&nbsp;</p>', '<p>Art. 17 del Presupuesto de Egresos de la Federaci&oacute;n para el Ejercicio Fiscal 2015</p>', '2015-12-02', NULL, '2016-09-20', 'Dirección General de Comunicación Social y Difusión', 2016, '2016-09-20', NULL, 1),
	(60, 2, 76, 1, 1, 4, 1, 1, 12, 'OI-38-15 INAI', '<p>Nombre comercial del proveedor: Mercurio de Tamaulipas</p>\n\n<p>Promedio de circulaci&oacute;n, &aacute;mbito geogr&aacute;fico de cobertura, perfil del lector&nbsp;</p>', '<p>Art. 17 del Presupuesto de Egresos de la Federaci&oacute;n para el Ejercicio Fiscal 2015</p>', '2015-12-02', NULL, '2016-09-20', 'Dirección General de Comunicación Social y Difusión', 2016, '2016-09-20', NULL, 1),
	(61, 2, 31, 1, 1, 4, 1, 1, 12, 'OI-40-15 INAI', '<p>Nombre comercial del proveedor: Diario del Istmo</p>\n\n<p>Promedio de circulaci&oacute;n, &aacute;mbito geogr&aacute;fico de cobertura, perfil del lector&nbsp;</p>', '<p>Art. 17 del Presupuesto de Egresos de la Federaci&oacute;n para el Ejercicio Fiscal 2015</p>', '2015-12-02', NULL, '2016-09-20', 'Dirección General de Comunicación Social y Difusión', 2016, '2016-09-20', NULL, 1),
	(62, 2, 44, 1, 1, 4, 1, 1, 12, 'OI-41-15 INAI', '<p>Nombre comercial del proveedor: La Segunda</p>\n\n<p>Promedio de circulaci&oacute;n, &aacute;mbito geogr&aacute;fico de cobertura, perfil del lector&nbsp;</p>', '<p>Art. 17 del Presupuesto de Egresos de la Federaci&oacute;n para el Ejercicio Fiscal 2015</p>', '2015-12-02', NULL, '2016-09-20', 'Dirección General de Comunicación Social y Difusión', 2016, '2016-09-20', NULL, 1),
	(63, 2, 24, 1, 1, 4, 1, 1, 12, 'OI-42-15 INAI', '<p>Nombre comercial del proveedor: Cr&oacute;nica de Campeche</p>\n\n<p>Promedio de circulaci&oacute;n, &aacute;mbito geogr&aacute;fico de cobertura, perfil del lector&nbsp;</p>', '<p>Art. 17 del Presupuesto de Egresos de la Federaci&oacute;n para el Ejercicio Fiscal 2015</p>', '2015-12-02', NULL, '2016-09-20', 'Dirección General de Comunicación Social y Difusión', 2016, '2016-09-20', NULL, 1),
	(64, 2, 26, 1, 1, 4, 1, 1, 12, 'OI-43-15 INAI', '<p>Nombre comercial del proveedor:&nbsp;Diario de Chihuahua</p>\n\n<p>Promedio de circulaci&oacute;n, &aacute;mbito geogr&aacute;fico de cobertura, perfil del lector&nbsp;</p>', '<p>Art. 17 del Presupuesto de Egresos de la Federaci&oacute;n para el Ejercicio Fiscal 2015</p>', '2015-12-02', NULL, '2016-09-20', 'Dirección General de Comunicación Social y Difusión', 2016, '2016-09-20', NULL, 1),
	(65, 2, 39, 1, 1, 4, 1, 1, 12, 'OI-44-15 INAI', '<p>Nombre comercial del proveedor: Informaci&oacute;n con Valor Vanguardia</p>\n\n<p>Promedio de circulaci&oacute;n, &aacute;mbito geogr&aacute;fico de cobertura, perfil del lector&nbsp;</p>', '<p>Art. 17 del Presupuesto de Egresos de la Federaci&oacute;n para el Ejercicio Fiscal 2015</p>', '2015-12-02', NULL, '2016-09-20', 'Dirección General de Comunicación Social y Difusión', 2016, '2016-09-20', NULL, 1),
	(66, 2, 39, 1, 1, 4, 1, 1, 12, 'OI-45-15 INAI', '<p>Nombre comercial del proveedor: El Guardian</p>\n\n<p>Promedio de circulaci&oacute;n, &aacute;mbito geogr&aacute;fico de cobertura, perfil del lector&nbsp;</p>', '<p>Art. 17 del Presupuesto de Egresos de la Federaci&oacute;n para el Ejercicio Fiscal 2015</p>', '2015-12-02', NULL, '2016-09-20', 'Dirección General de Comunicación Social y Difusión', 2016, '2016-09-20', NULL, 1),
	(67, 2, 27, 1, 1, 4, 1, 1, 12, 'OI-46-15 INAI', '<p>Nombre comercial del proveedor: Diario de Colima</p>\n\n<p>Promedio de circulaci&oacute;n, &aacute;mbito geogr&aacute;fico de cobertura, perfil del lector&nbsp;</p>', '<p>Art. 17 del Presupuesto de Egresos de la Federaci&oacute;n para el Ejercicio Fiscal 2015</p>', '2015-12-02', NULL, '2016-09-20', 'Dirección General de Comunicación Social y Difusión', 2016, '2016-09-20', NULL, 1),
	(68, 2, 56, 1, 1, 4, 1, 1, 12, 'OI-47-15 INAI', '<p>Nombre comercial del proveedor: Victoria de Durango</p>\n\n<p>Promedio de circulaci&oacute;n, &aacute;mbito geogr&aacute;fico de cobertura, perfil del lector&nbsp;</p>', '<p>Art. 17 del Presupuesto de Egresos de la Federaci&oacute;n para el Ejercicio Fiscal 2015</p>', '2015-12-02', NULL, '2016-09-20', 'Dirección General de Comunicación Social y Difusión', 2016, '2016-09-20', NULL, 1),
	(69, 2, 16, 1, 1, 4, 1, 1, 12, 'OI-48-15 INAI', '<p>Nombre comercial del proveedor: Peri&oacute;dico Libre de Celaya</p>\n\n<p>Promedio de circulaci&oacute;n, &aacute;mbito geogr&aacute;fico de cobertura, perfil del lector&nbsp;</p>', '<p>Art. 17 del Presupuesto de Egresos de la Federaci&oacute;n para el Ejercicio Fiscal 2015</p>', '2015-12-02', NULL, '2016-09-20', 'Dirección General de Comunicación Social y Difusión', 2016, '2016-09-20', NULL, 1),
	(70, 2, 16, 1, 1, 4, 1, 1, 12, 'OI-49-15 INAI', '<p>Nombre comercial del proveedor: AM de Irapuato</p>\n\n<p>Promedio de circulaci&oacute;n, &aacute;mbito geogr&aacute;fico de cobertura, perfil del lector&nbsp;</p>', '<p>Art. 17 del Presupuesto de Egresos de la Federaci&oacute;n para el Ejercicio Fiscal 2015</p>', '2015-12-02', NULL, '2016-09-20', 'Dirección General de Comunicación Social y Difusión', 2016, '2016-09-20', NULL, 1),
	(71, 2, 23, 1, 1, 4, 1, 1, 12, 'OI-50-15 INAI', '<p>Nombre comercial del proveedor: Criterio la Verdad Impresa</p>\n\n<p>Promedio de circulaci&oacute;n, &aacute;mbito geogr&aacute;fico de cobertura, perfil del lector&nbsp;</p>', '<p>Art. 17 del Presupuesto de Egresos de la Federaci&oacute;n para el Ejercicio Fiscal 2015</p>', '2015-12-02', NULL, '2016-09-20', 'Dirección General de Comunicación Social y Difusión', 2016, '2016-09-20', NULL, 1),
	(72, 2, 82, 1, 1, 4, 1, 1, 12, 'OI-51-15 INAI', '<p>Nombre comercial del proveedor: La Ruta</p>\n\n<p>Promedio de circulaci&oacute;n, &aacute;mbito geogr&aacute;fico de cobertura, perfil del lector&nbsp;</p>', '<p>Art. 17 del Presupuesto de Egresos de la Federaci&oacute;n para el Ejercicio Fiscal 2015</p>', '2015-12-02', NULL, '2016-09-20', 'Dirección General de Comunicación Social y Difusión', 2016, '2016-09-20', NULL, 1),
	(73, 2, 38, 1, 1, 4, 1, 1, 12, 'OI-52-15 INAI', '<p>Nombre comercial del proveedor:&nbsp;El Diario Grande de Michoac&aacute;n Provincia</p>\n\n<p>Promedio de circulaci&oacute;n, &aacute;mbito geogr&aacute;fico de cobertura, perfil del lector&nbsp;</p>', '<p>Art. 17 del Presupuesto de Egresos de la Federaci&oacute;n para el Ejercicio Fiscal 2015</p>', '2015-12-02', NULL, '2016-09-20', 'Dirección General de Comunicación Social y Difusión', 2016, '2016-09-20', NULL, 1),
	(74, 2, 29, 1, 1, 4, 1, 1, 12, 'OI-53-15 INAI', '<p>Nombre comercial del proveedor: Diario de Morelos</p>\n\n<p>Promedio de circulaci&oacute;n, &aacute;mbito geogr&aacute;fico de cobertura, perfil del lector&nbsp;</p>', '<p><br />\nArt. 17 del Presupuesto de Egresos de la Federaci&oacute;n para el Ejercicio Fiscal 2015</p>', '2015-12-02', NULL, '2016-09-20', 'Dirección General de Comunicación Social y Difusión', 2016, '2016-09-20', NULL, 1),
	(75, 2, 78, 1, 1, 4, 1, 1, 12, 'OI-54-15 INAI', '<p>Nombre comercial del proveedor: Matutino Gr&aacute;fico</p>\n\n<p>Promedio de circulaci&oacute;n, &aacute;mbito geogr&aacute;fico de cobertura, perfil del lector&nbsp;</p>', '<p>Art. 17 del Presupuesto de Egresos de la Federaci&oacute;n para el Ejercicio Fiscal 2015</p>', '2015-12-02', NULL, '2016-09-20', 'Dirección General de Comunicación Social y Difusión', 2016, '2016-09-20', NULL, 1),
	(76, 2, 9, 1, 1, 4, 1, 1, 12, 'OI-55-15 INAI', '<p>Nombre comercial del proveedor: Meridiano de Nayarit</p>\n\n<p>Promedio de circulaci&oacute;n, &aacute;mbito geogr&aacute;fico de cobertura, perfil del lector&nbsp;</p>', '<p>Art. 17 del Presupuesto de Egresos de la Federaci&oacute;n para el Ejercicio Fiscal 2015</p>', '2015-12-02', NULL, '2016-09-20', 'Dirección General de Comunicación Social y Difusión', 2016, '2016-09-20', NULL, 1),
	(77, 2, 13, 1, 1, 4, 1, 1, 12, 'OI-56-15 INAI', '<p>Nombre comercial del proveedor: ABC Monterrey</p>\n\n<p>Promedio de circulaci&oacute;n, &aacute;mbito geogr&aacute;fico de cobertura, perfil del lector&nbsp;</p>', '<p>Art. 17 del Presupuesto de Egresos de la Federaci&oacute;n para el Ejercicio Fiscal 2015</p>', '2015-12-02', NULL, '2016-09-20', 'Dirección General de Comunicación Social y Difusión', 2016, '2016-09-20', NULL, 1),
	(78, 2, 41, 1, 1, 4, 1, 1, 12, 'OI-57-15 INAI', '<p>Nombre comercial del proveedor: &nbsp;El Imparcial del Istmo</p>\n\n<p>Promedio de circulaci&oacute;n, &aacute;mbito geogr&aacute;fico de cobertura, perfil del lector&nbsp;</p>', '<p>Art. 17 del Presupuesto de Egresos de la Federaci&oacute;n para el Ejercicio Fiscal 2015</p>', '2015-12-02', NULL, '2016-09-20', 'Dirección General de Comunicación Social y Difusión', 2016, '2016-09-20', NULL, 1),
	(79, 2, 49, 1, 1, 4, 1, 1, 12, 'OI-58-15 INAI', '<p>Nombre comercial del proveedor: El Popular</p>\n\n<p>Promedio de circulaci&oacute;n, &aacute;mbito geogr&aacute;fico de cobertura, perfil del lector&nbsp;</p>', '<p>Art. 17 del Presupuesto de Egresos de la Federaci&oacute;n para el Ejercicio Fiscal 2015</p>', '2015-12-02', NULL, '2016-09-20', 'Dirección General de Comunicación Social y Difusión', 2016, '2016-09-20', NULL, 1),
	(80, 2, 72, 1, 1, 4, 1, 1, 12, 'OI-59-15 INAI', '<p>Nombre comercial del proveedor:&nbsp;Novedades de Quintana Roo</p>\n\n<p>Promedio de circulaci&oacute;n, &aacute;mbito geogr&aacute;fico de cobertura, perfil del lector&nbsp;</p>', '<p>Art. 17 del Presupuesto de Egresos de la Federaci&oacute;n para el Ejercicio Fiscal 2015</p>', '2015-12-02', NULL, '2016-09-20', 'Dirección General de Comunicación Social y Difusión', 2016, '2016-09-20', NULL, 1),
	(81, 2, 51, 1, 1, 4, 1, 1, 12, 'OI-60-15 INAI', '<p>Nombre comercial del proveedor: El Pulso de San Luis Potos&iacute;</p>\n\n<p>Promedio de circulaci&oacute;n, &aacute;mbito geogr&aacute;fico de cobertura, perfil del lector&nbsp;</p>', '<p>Art. 17 del Presupuesto de Egresos de la Federaci&oacute;n para el Ejercicio Fiscal 2015</p>', '2015-12-02', NULL, '2016-09-20', 'Dirección General de Comunicación Social y Difusión', 2016, '2016-09-20', NULL, 1),
	(82, 2, 35, 1, 1, 4, 1, 1, 12, 'OI-61-15 INAI', '<p>Nombre comercial del proveedor: El Debate de Culiac&aacute;n</p>\n\n<p>Promedio de circulaci&oacute;n, &aacute;mbito geogr&aacute;fico de cobertura, perfil del lector&nbsp;</p>', '<p>Art. 17 del Presupuesto de Egresos de la Federaci&oacute;n para el Ejercicio Fiscal 2015</p>', '2015-12-02', NULL, '2016-09-20', 'Dirección General de Comunicación Social y Difusión', 2016, '2016-09-20', NULL, 1),
	(83, 2, 36, 1, 1, 4, 1, 1, 12, 'OI-62-15 INAI', '<p>Nombre comercial del proveedor: El Debate de los Mochis</p>\n\n<p>Promedio de circulaci&oacute;n, &aacute;mbito geogr&aacute;fico de cobertura, perfil del lector&nbsp;</p>', '<p>Art. 17 del Presupuesto de Egresos de la Federaci&oacute;n para el Ejercicio Fiscal 2015</p>', '2015-12-02', NULL, '2016-09-20', 'Dirección General de Comunicación Social y Difusión', 2016, '2016-09-20', NULL, 1),
	(84, 2, 35, 1, 1, 4, 1, 1, 12, 'OI-63-15 INAI', '<p>Nombre comercial del proveedor: El Debate de Mazatlan</p>\n\n<p>Promedio de circulaci&oacute;n, &aacute;mbito geogr&aacute;fico de cobertura, perfil del lector&nbsp;</p>', '<p>Art. 17 del Presupuesto de Egresos de la Federaci&oacute;n para el Ejercicio Fiscal 2015</p>', '2015-12-02', NULL, '2016-09-20', 'Dirección General de Comunicación Social y Difusión', 2016, '2016-09-20', NULL, 1),
	(85, 2, 32, 1, 1, 4, 1, 1, 12, 'OI-64-15 INAI', '<p>Nombre comercial del proveedor: Diario del Yaqui</p>\n\n<p>Promedio de circulaci&oacute;n, &aacute;mbito geogr&aacute;fico de cobertura, perfil del lector&nbsp;</p>', '<p>Art. 17 del Presupuesto de Egresos de la Federaci&oacute;n para el Ejercicio Fiscal 2015</p>', '2015-12-02', NULL, '2016-09-20', 'Dirección General de Comunicación Social y Difusión', 2016, '2016-09-20', NULL, 1),
	(86, 2, 97, 1, 1, 4, 1, 1, 12, 'OI-65-15 INAI', '<p>Nombre comercial del proveedor: Expreso M&aacute;s Personal</p>\n\n<p>Promedio de circulaci&oacute;n, &aacute;mbito geogr&aacute;fico de cobertura, perfil del lector&nbsp;</p>', '<p>Art. 17 del Presupuesto de Egresos de la Federaci&oacute;n para el Ejercicio Fiscal 2015</p>', '2015-12-02', NULL, '2016-09-20', 'Dirección General de Comunicación Social y Difusión', 2016, '2016-09-20', NULL, 1),
	(87, 2, 71, 1, 1, 4, 1, 1, 12, 'OI-66-15 INAI', '<p>Nombre comercial del proveedor: Nuevo D&iacute;a de Nogales</p>\n\n<p>Promedio de circulaci&oacute;n, &aacute;mbito geogr&aacute;fico de cobertura, perfil del lector&nbsp;</p>', '<p>Art. 17 del Presupuesto de Egresos de la Federaci&oacute;n para el Ejercicio Fiscal 2015</p>', '2015-12-02', NULL, '2016-09-20', 'Dirección General de Comunicación Social y Difusión', 2016, '2016-09-20', NULL, 1),
	(88, 2, 50, 1, 1, 4, 1, 1, 12, 'OI-67-15 INAI', '<p>Nombre comercial del proveedor: El Presente Diario del Sureste</p>\n\n<p>Promedio de circulaci&oacute;n, &aacute;mbito geogr&aacute;fico de cobertura, perfil del lector&nbsp;</p>', '<p>Art. 17 del Presupuesto de Egresos de la Federaci&oacute;n para el Ejercicio Fiscal 2015</p>', '2015-12-02', NULL, '2016-09-20', 'Dirección General de Comunicación Social y Difusión', 2016, '2016-09-20', NULL, 1),
	(89, 2, 50, 1, 1, 4, 1, 1, 12, 'OI-68-15 INAI', '<p>Nombre comercial del proveedor:&nbsp;El Presente Diario del Sureste</p>\n\n<p>Promedio de circulaci&oacute;n, &aacute;mbito geogr&aacute;fico de cobertura, perfil del lector&nbsp;</p>', '', '2015-12-02', NULL, NULL, NULL, NULL, NULL, NULL, 1),
	(90, 2, 77, 1, 1, 4, 1, 1, 12, 'OI-69-15 INAI', '<p>Nombre comercial del proveedor: Media Hora</p>\n\n<p>Promedio de circulaci&oacute;n, &aacute;mbito geogr&aacute;fico de cobertura, perfil del lector&nbsp;</p>', '<p>Art. 17 del Presupuesto de Egresos de la Federaci&oacute;n para el Ejercicio Fiscal 2015</p>', '2015-12-02', NULL, '2016-09-20', 'Dirección General de Comunicación Social y Difusión', 2016, '2016-09-20', NULL, 1),
	(91, 2, 10, 1, 1, 4, 1, 1, 12, 'OI-70-15 INAI', '<p>Nombre comercial del proveedor: La Raz&oacute;n</p>\n\n<p>Promedio de circulaci&oacute;n, &aacute;mbito geogr&aacute;fico de cobertura, perfil del lector&nbsp;</p>', '<p>Art. 17 del Presupuesto de Egresos de la Federaci&oacute;n para el Ejercicio Fiscal 2015</p>', '2015-12-02', NULL, '2016-09-20', 'Dirección General de Comunicación Social y Difusión', 2016, '2016-09-20', NULL, 1),
	(92, 2, 45, 1, 1, 4, 1, 1, 12, 'OI-71-15 INAI', '<p>Nombre comercial del proveedor: El Mundo de C&oacute;rdova</p>\n\n<p>Promedio de circulaci&oacute;n, &aacute;mbito geogr&aacute;fico de cobertura, perfil del lector&nbsp;</p>', '<p>Art. 17 del Presupuesto de Egresos de la Federaci&oacute;n para el Ejercicio Fiscal 2015</p>', '2015-12-02', NULL, '2016-09-20', 'Dirección General de Comunicación Social y Difusión', 2016, '2016-09-20', NULL, 1),
	(93, 2, 83, 1, 1, 4, 1, 1, 12, 'OI-72-15 INAI', '<p>Nombre comercial del proveedor: La Opini&oacute;n de Poza Rica</p>\n\n<p>Promedio de circulaci&oacute;n, &aacute;mbito geogr&aacute;fico de cobertura, perfil del lector&nbsp;</p>', '<p>Art. 17 del Presupuesto de Egresos de la Federaci&oacute;n para el Ejercicio Fiscal 2015</p>', '2015-12-02', NULL, '2016-09-20', 'Dirección General de Comunicación Social y Difusión', 2016, '2016-09-20', NULL, 1),
	(94, 2, 8, 1, 1, 4, 1, 1, 12, 'OI-73-15 INAI', '<p>Nombre comercial del proveedor: El Dictamen</p>\n\n<p>Promedio de circulaci&oacute;n, &aacute;mbito geogr&aacute;fico de cobertura, perfil del lector&nbsp;</p>', '<p>Art. 17 del Presupuesto de Egresos de la Federaci&oacute;n para el Ejercicio Fiscal 2015</p>', '2015-12-02', NULL, '2016-09-20', 'Dirección General de Comunicación Social y Difusión', 2016, '2016-09-20', NULL, 1),
	(95, 2, 25, 1, 1, 4, 1, 1, 12, 'OI-74-15 INAI', '<p>Nombre comercial del proveedor: De Peso</p>\n\n<p>Promedio de circulaci&oacute;n, &aacute;mbito geogr&aacute;fico de cobertura, perfil del lector&nbsp;</p>', '<p>Art. 17 del Presupuesto de Egresos de la Federaci&oacute;n para el Ejercicio Fiscal 2015</p>', '2015-12-02', NULL, '2016-09-20', 'Dirección General de Comunicación Social y Difusión', 2016, '2016-09-20', NULL, 1),
	(96, 2, 25, 1, 1, 4, 1, 1, 12, 'OI-75-15 INAI', '<p>Nombre comercial del proveedor: Milenio Novedades</p>\n\n<p>Promedio de circulaci&oacute;n, &aacute;mbito geogr&aacute;fico de cobertura, perfil del lector&nbsp;</p>', '<p>Art. 17 del Presupuesto de Egresos de la Federaci&oacute;n para el Ejercicio Fiscal 2015</p>', '2015-12-02', NULL, '2016-09-20', 'Dirección General de Comunicación Social y Difusión', 2016, '2016-09-20', NULL, 1),
	(97, 2, 5, 1, 1, 4, 1, 1, 12, 'OI-76-15 INAI', '<p>Nombre comercial del proveedor: Milenio Diario</p>\n\n<p>Promedio de circulaci&oacute;n, &aacute;mbito geogr&aacute;fico de cobertura, perfil del lector&nbsp;</p>', '<p>Art. 17 del Presupuesto de Egresos de la Federaci&oacute;n para el Ejercicio Fiscal 2015</p>', '2015-12-03', NULL, '2016-09-20', 'Dirección General de Comunicación Social y Difusión', 2016, '2016-09-20', NULL, 1),
	(98, 2, 47, 1, 1, 4, 1, 1, 12, 'OI-77-15 INAI', '<p>Nombre comercial del proveedor: Reforma</p>\n\n<p>Promedio de circulaci&oacute;n, &aacute;mbito geogr&aacute;fico de cobertura, perfil del lector&nbsp;</p>', '<p>Art. 17 del Presupuesto de Egresos de la Federaci&oacute;n para el Ejercicio Fiscal 2015</p>', '2015-12-03', NULL, '2016-09-20', 'Dirección General de Comunicación Social y Difusión', 2016, '2016-09-20', NULL, 1),
	(99, 2, 2, 1, 1, 4, 1, 1, 12, 'OI-78-15 INAI', '<p>Nombre comercial del proveedor: La Jornada</p>\n\n<p>Promedio de circulaci&oacute;n, &aacute;mbito geogr&aacute;fico de cobertura, perfil del lector&nbsp;</p>', '<p>Art. 17 del Presupuesto de Egresos de la Federaci&oacute;n para el Ejercicio Fiscal 2015</p>', '2015-12-03', NULL, '2016-09-20', 'Dirección General de Comunicación Social y Difusión', 2016, '2016-09-20', NULL, 1),
	(100, 2, 1, 1, 1, 4, 1, 1, 12, 'OI-79-15 INAI', '<p>Nombre comercial del proveedor: El Universal</p>\n\n<p>Promedio de circulaci&oacute;n, &aacute;mbito geogr&aacute;fico de cobertura, perfil del lector&nbsp;</p>', '<p>Art. 17 del Presupuesto de Egresos de la Federaci&oacute;n para el Ejercicio Fiscal 2015</p>', '2015-12-03', NULL, '2016-09-20', 'Dirección General de Comunicación Social y Difusión', 2016, '2016-09-20', NULL, 1),
	(101, 2, 1, 1, 1, 4, 1, 1, 8, 'OI-80-15 INAI', '<p>Nombre comercial del proveedor: El Universal</p>\n\n<p>Promedio de circulaci&oacute;n, &aacute;mbito geogr&aacute;fico de cobertura, perfil del lector&nbsp;</p>', '<p>Art. 17 del Presupuesto de Egresos de la Federaci&oacute;n para el Ejercicio Fiscal 2015</p>', '2015-12-09', NULL, '2016-09-20', 'Dirección General de Comunicación Social y Difusión', 2016, '2016-09-20', NULL, 1),
	(102, 2, 2, 1, 1, 4, 1, 1, 8, 'OI-81-15 INAI', '<p>Nombre comercial del proveedor: La Jornada</p>\n\n<p>Promedio de circulaci&oacute;n, &aacute;mbito geogr&aacute;fico de cobertura, perfil del lector&nbsp;</p>', '<p>Art. 17 del Presupuesto de Egresos de la Federaci&oacute;n para el Ejercicio Fiscal 2015</p>', '2015-12-09', NULL, '2016-09-20', 'Dirección General de Comunicación Social y Difusión', 2016, '2016-09-20', NULL, 1),
	(103, 2, 68, 1, 1, 4, 1, 1, 12, 'OI-82-15 INAI', '<p>Nombre comercial del proveedor: Revista Cambio</p>\n\n<p>Promedio de circulaci&oacute;n, &aacute;mbito geogr&aacute;fico de cobertura, perfil del lector&nbsp;</p>', '<p>Art. 17 del Presupuesto de Egresos de la Federaci&oacute;n para el Ejercicio Fiscal 2015</p>', '2015-12-10', NULL, '2016-09-20', 'Dirección General de Comunicación Social y Difusión', 2016, '2016-09-20', NULL, 1),
	(104, 2, 64, 1, 1, 4, 1, 1, 12, 'OI-83-15 INAI', '<p>Nombre comercial del proveedor: Revista Proceso</p>\n\n<p>Promedio de circulaci&oacute;n, &aacute;mbito geogr&aacute;fico de cobertura, perfil del lector&nbsp;</p>', '<p>Art. 17 del Presupuesto de Egresos de la Federaci&oacute;n para el Ejercicio Fiscal 2015</p>', '2015-12-10', NULL, '2016-09-20', 'Dirección General de Comunicación Social y Difusión', 2016, '2016-09-20', NULL, 1),
	(105, 2, 61, 1, 1, 4, 1, 1, 12, 'OI-84-15 INAI', '<p>Nombre comercial del proveedor: Revista TV y Novelas</p>\n\n<p>Promedio de circulaci&oacute;n, &aacute;mbito geogr&aacute;fico de cobertura, perfil del lector&nbsp;</p>', '<p>Art. 17 del Presupuesto de Egresos de la Federaci&oacute;n para el Ejercicio Fiscal 2015</p>', '2015-12-10', NULL, '2016-09-20', 'Dirección General de Comunicación Social y Difusión', 2016, '2016-09-20', NULL, 1),
	(106, 2, 63, 1, 1, 4, 1, 1, 12, 'OI-85-15 INAI', '<p>Nombre comercial del proveedor: Revista Siempre</p>\n\n<p>Promedio de circulaci&oacute;n, &aacute;mbito geogr&aacute;fico de cobertura, perfil del lector&nbsp;</p>', '<p>Art. 17 del Presupuesto de Egresos de la Federaci&oacute;n para el Ejercicio Fiscal 2015</p>', '2015-12-10', NULL, '2016-09-20', 'Dirección General de Comunicación Social y Difusión', 2016, '2016-09-20', NULL, 1),
	(107, 2, 65, 1, 1, 4, 1, 1, 12, 'OI-86-15 INAI', '<p>Nombre comercial del proveedor: Revista Emeequis</p>\n\n<p>Promedio de circulaci&oacute;n, &aacute;mbito geogr&aacute;fico de cobertura, perfil del lector&nbsp;</p>', '<p>Art. 17 del Presupuesto de Egresos de la Federaci&oacute;n para el Ejercicio Fiscal 2015</p>', '2015-12-10', NULL, '2016-09-20', 'Dirección General de Comunicación Social y Difusión', 2016, '2016-09-20', NULL, 1),
	(108, 2, 66, 1, 1, 4, 1, 1, 12, 'OI-87-15 INAI', '<p>Nombre comercial del proveedor: Revista el Contribuyente</p>\n\n<p>Promedio de circulaci&oacute;n, &aacute;mbito geogr&aacute;fico de cobertura, perfil del lector&nbsp;</p>', '<p>Art. 17 del Presupuesto de Egresos de la Federaci&oacute;n para el Ejercicio Fiscal 2015</p>', '2015-12-10', NULL, '2016-09-20', 'Dirección General de Comunicación Social y Difusión', 2016, '2016-09-20', NULL, 1),
	(109, 2, 69, 1, 1, 4, 1, 1, 12, 'OI-88-15 INAI', '<p>Nombre comercial del proveedor:&nbsp;Revista V&eacute;rtigo</p>\n\n<p>Promedio de circulaci&oacute;n, &aacute;mbito geogr&aacute;fico de cobertura, perfil del lector&nbsp;</p>', '<p>Art. 17 del Presupuesto de Egresos de la Federaci&oacute;n para el Ejercicio Fiscal 2015</p>', '2015-12-10', NULL, '2016-09-20', 'Dirección General de Comunicación Social y Difusión', 2016, '2016-09-20', NULL, 1),
	(110, 2, 62, 1, 1, 4, 1, 1, 12, 'OI-89-15 INAI', '<p>Nombre comercial del proveedor:&nbsp;Revista TV Notas</p>\n\n<p>Promedio de circulaci&oacute;n, &aacute;mbito geogr&aacute;fico de cobertura, perfil del lector&nbsp;</p>', '<p>Art. 17 del Presupuesto de Egresos de la Federaci&oacute;n para el Ejercicio Fiscal 2015</p>', '2015-12-11', NULL, '2016-09-20', 'Dirección General de Comunicación Social y Difusión', 2016, '2016-09-20', NULL, 1),
	(111, 2, 47, 1, 1, 4, 1, 1, 12, 'OI-90-15 INAI', '<p>Nombre comercial del proveedor: Reforma</p>\n\n<p>Promedio de circulaci&oacute;n, &aacute;mbito geogr&aacute;fico de cobertura, perfil del lector&nbsp;</p>', '<p>Art. 17 del Presupuesto de Egresos de la Federaci&oacute;n para el Ejercicio Fiscal 2015</p>', '2015-12-11', NULL, '2016-09-20', 'Dirección General de Comunicación Social y Difusión', 2016, '2016-09-20', NULL, 1),
	(112, 2, 5, 1, 1, 4, 1, 1, 12, 'OI-91-15 INAI', '<p>Nombre comercial del proveedor: Milenio Diario</p>\n\n<p>Promedio de circulaci&oacute;n, &aacute;mbito geogr&aacute;fico de cobertura, perfil del lector&nbsp;</p>', '<p>Art. 17 del Presupuesto de Egresos de la Federaci&oacute;n para el Ejercicio Fiscal 2015</p>', '2015-12-11', NULL, '2016-09-20', 'Dirección General de Comunicación Social y Difusión', 2016, '2016-09-20', NULL, 1),
	(113, 2, 2, 1, 1, 4, 1, 1, 12, 'OI-92-15 INAI', '<p>Nombre comercial del proveedor: La Jornada</p>\n\n<p>Promedio de circulaci&oacute;n, &aacute;mbito geogr&aacute;fico de cobertura, perfil del lector&nbsp;</p>', '<p>Art. 17 del Presupuesto de Egresos de la Federaci&oacute;n para el Ejercicio Fiscal 2015</p>', '2015-12-11', NULL, '2016-09-20', 'Dirección General de Comunicación Social y Difusión', 2016, '2016-09-20', NULL, 1),
	(114, 2, 6, 1, 1, 4, 1, 1, 12, 'OI-93-15 INAI', '<p>Nombre comercial del proveedor: Publimetro</p>\n\n<p>Promedio de circulaci&oacute;n, &aacute;mbito geogr&aacute;fico de cobertura, perfil del lector&nbsp;</p>', '<p>Art. 17 del Presupuesto de Egresos de la Federaci&oacute;n para el Ejercicio Fiscal 2015</p>', '2015-12-11', NULL, '2016-09-20', 'Dirección General de Comunicación Social y Difusión', 2016, '2016-09-20', NULL, 1),
	(115, 2, 1, 1, 1, 4, 1, 1, 12, 'OI-94-15 INAI', '<p>Nombre comercial del proveedor: El Universal</p>\n\n<p>Promedio de circulaci&oacute;n, &aacute;mbito geogr&aacute;fico de cobertura, perfil del lector&nbsp;</p>', '', '2015-12-11', NULL, NULL, NULL, NULL, NULL, NULL, 1),
	(116, 2, 11, 1, 1, 4, 1, 1, 12, 'OI-95-15 INAI', '<p>Nombre comercial del proveedor:&nbsp;El Sol de Toluca</p>\n\n<p>Promedio de circulaci&oacute;n, &aacute;mbito geogr&aacute;fico de cobertura, perfil del lector&nbsp;</p>', '<p>Art. 17 del Presupuesto de Egresos de la Federaci&oacute;n para el Ejercicio Fiscal 2015</p>', '2015-12-11', NULL, '2016-09-20', 'Dirección General de Comunicación Social y Difusión', 2016, '2016-09-20', NULL, 1),
	(117, 2, 4, 1, 1, 4, 1, 1, 12, 'OI-96-15 INAI', '<p>Nombre comercial del proveedor: La Cr&oacute;nica</p>\n\n<p>Promedio de circulaci&oacute;n, &aacute;mbito geogr&aacute;fico de cobertura, perfil del lector&nbsp;</p>', '<p>Art. 17 del Presupuesto de Egresos de la Federaci&oacute;n para el Ejercicio Fiscal 2015</p>', '2015-12-11', NULL, '2016-09-20', 'Dirección General de Comunicación Social y Difusión', 2016, '2016-09-20', NULL, 1),
	(118, 2, 55, 1, 1, 1, 1, 1, 16, 'OS-01-15 IFAI', '<p>Nombre comercial del proveedor: XSN Group</p>\n\n<p>Disponibilidad del Servicio</p>', '<p>Art. 17 del Presupuesto de Egresos de la Federaci&oacute;n para el Ejercicio Fiscal 2015</p>', '2015-01-14', NULL, '2016-09-20', 'Dirección General de Comunicación Social y Difusión', 2016, '2016-09-20', NULL, 1),
	(119, 2, 55, 1, 1, 2, 1, 1, 16, 'OS-01-15 INAI', '<p>Nombre comercial del proveedor: XSN Group</p>\n\n<p>Disponibilidad del Servicio</p>', '<p>Art. 17 del Presupuesto de Egresos de la Federaci&oacute;n para el Ejercicio Fiscal 2015</p>', '2015-05-07', NULL, '2016-09-20', 'Dirección General de Comunicación Social y Difusión', 2016, '2016-09-20', NULL, 1),
	(120, 2, 55, 1, 1, 1, 1, 1, 16, 'OS-02-15 IFAI', '<p>Nombre comercial del proveedor:&nbsp;XSN Group</p>\n\n<p>Disponibilidad del Servicio</p>', '<p>Art. 17 del Presupuesto de Egresos de la Federaci&oacute;n para el Ejercicio Fiscal 2015</p>', '2015-02-05', NULL, '2016-09-20', 'Dirección General de Comunicación Social y Difusión', 2016, '2016-09-20', NULL, 1),
	(121, 2, 55, 1, 1, 2, 1, 1, 15, 'OS-02-15 INAI', '<p>Nombre comercial del proveedor:&nbsp;XSN Group</p>\n\n<p>Disponibilidad del Servicio</p>', '<p>Art. 17 del Presupuesto de Egresos de la Federaci&oacute;n para el Ejercicio Fiscal 2015</p>', '2015-05-18', NULL, '2016-09-20', 'Dirección General de Comunicación Social y Difusión', 2016, '2016-09-20', NULL, 1),
	(122, 2, 55, 1, 1, 1, 1, 1, 16, 'OS-03-15 IFAI', '<p>Nombre comercial del proveedor:&nbsp;XSN Group</p>\n\n<p>Disponibilidad del Servicio</p>', '<p>Art. 17 del Presupuesto de Egresos de la Federaci&oacute;n para el Ejercicio Fiscal 2015</p>', '2015-03-04', NULL, '2016-09-20', 'Dirección General de Comunicación Social y Difusión', 2016, '2016-09-20', NULL, 1),
	(123, 2, 55, 1, 1, 2, 1, 1, 15, 'OS-03-15 INAI', '<p>Nombre comercial del proveedor: XSN Group</p>\n\n<p>Disponibilidad del Servicio</p>', '<p>Art. 17 del Presupuesto de Egresos de la Federaci&oacute;n para el Ejercicio Fiscal 2015</p>', '2015-05-29', NULL, '2016-09-20', 'Dirección General de Comunicación Social y Difusión', 2016, '2016-09-20', NULL, 1),
	(124, 2, 55, 1, 1, 1, 1, 1, 16, 'OS-04-15 IFAI', '<p>Nombre comercial del proveedor:&nbsp;XSN Group</p>\n\n<p>Disponibilidad del Servicio</p>', '<p>Art. 17 del Presupuesto de Egresos de la Federaci&oacute;n para el Ejercicio Fiscal 2015</p>', '2015-03-19', NULL, '2016-09-20', 'Dirección General de Comunicación Social y Difusión', 2016, '2016-09-20', NULL, 1),
	(125, 2, 55, 1, 1, 2, 1, 1, 15, 'OS-04-15 INAI', '<p>Nombre comercial del proveedor: XSN Group</p>\n\n<p>Disponibilidad del Servicio</p>', '<p>Art. 17 del Presupuesto de Egresos de la Federaci&oacute;n para el Ejercicio Fiscal 2015</p>', '2015-05-14', NULL, '2016-09-20', 'Dirección General de Comunicación Social y Difusión', 2016, '2016-09-20', NULL, 1),
	(126, 2, 55, 1, 1, 2, 1, 1, 16, 'OS-05-15 IFAI', '<p>Nombre comercial del proveedor: XSN Group</p>\n\n<p>Disponibilidad del Servicio</p>', '<p>Art. 17 del Presupuesto de Egresos de la Federaci&oacute;n para el Ejercicio Fiscal 2015</p>', '2015-04-08', NULL, '2016-09-20', 'Dirección General de Comunicación Social y Difusión', 2016, '2016-09-20', NULL, 1),
	(127, 2, 55, 1, 1, 2, 1, 1, 9, 'OS-05-15 INAI', '<p>Nombre comercial del proveedor: XSN Group</p>\n\n<p>Disponibilidad del Servicio</p>', '<p>Art. 17 del Presupuesto de Egresos de la Federaci&oacute;n para el Ejercicio Fiscal 2015</p>', '2015-06-09', NULL, '2016-09-20', 'Dirección General de Comunicación Social y Difusión', 2016, '2016-09-20', NULL, 1),
	(128, 2, 55, 1, 1, 2, 1, 1, 16, 'OS-06-15 INAI', '<p>Nombre comercial del proveedor: XSN Group</p>\n\n<p>Disponibilidad del Servicio</p>', '<p>Art. 17 del Presupuesto de Egresos de la Federaci&oacute;n para el Ejercicio Fiscal 2015</p>', '2015-06-10', NULL, '2016-09-20', 'Dirección General de Comunicación Social y Difusión', 2016, '2016-09-20', NULL, 1),
	(129, 2, 55, 1, 1, 3, 1, 1, 16, 'OS-08-15 INAI', '<p>Nombre comercial del proveedor:&nbsp;XSN Group</p>\n\n<p>Disponibilidad del Servicio</p>', '<p>Art. 17 del Presupuesto de Egresos de la Federaci&oacute;n para el Ejercicio Fiscal 2015</p>', '2015-07-01', NULL, '2016-09-20', 'Dirección General de Comunicación Social y Difusión', 2016, '2016-09-20', NULL, 1),
	(130, 2, 55, 1, 1, 3, 1, 1, 15, 'OS-09-15 INAI', '<p>Nombre comercial del proveedor: XSN Group</p>\n\n<p>Disponibilidad del Servicio</p>', '<p>Art. 17 del Presupuesto de Egresos de la Federaci&oacute;n para el Ejercicio Fiscal 2015</p>', '2015-07-16', NULL, '2016-09-20', 'Dirección General de Comunicación Social y Difusión', 2016, '2016-09-20', NULL, 1),
	(131, 2, 55, 1, 1, 3, 1, 1, 16, 'OS-10-15 INAI', '<p>Nombre comercial del proveedor: XSN Group</p>\n\n<p>Disponibilidad del Servicio</p>', '<p>Art. 17 del Presupuesto de Egresos de la Federaci&oacute;n para el Ejercicio Fiscal 2015</p>', '2015-08-05', NULL, '2016-09-20', 'Dirección General de Comunicación Social y Difusión', 2016, '2016-09-20', NULL, 1),
	(132, 2, 92, 1, 1, 4, 1, 1, 14, 'OS-12-15 INAI', '<p>Nombre comercial del proveedor: http://lasillarota.com</p>\n\n<p>Promedio de alcance &nbsp;</p>', '<p>Art. 17 del Presupuesto de Egresos de la Federaci&oacute;n para el Ejercicio Fiscal 2015</p>', '2015-09-30', NULL, '2016-09-20', 'Dirección General de Comunicación Social y Difusión', 2016, '2016-09-20', NULL, 1),
	(133, 2, 86, 1, 1, 4, 1, 1, 13, 'OS-13-15 INAI', '<p>Nombre comercial del proveedor: http://www.sdpnoticias.com</p>\n\n<p>Promedio de alcance &nbsp;</p>', '<p>Art. 17 del Presupuesto de Egresos de la Federaci&oacute;n para el Ejercicio Fiscal 2015</p>', '2015-10-02', NULL, '2016-09-20', 'Dirección General de Comunicación Social y Difusión', 2016, '2016-09-20', NULL, 1),
	(134, 2, 88, 1, 1, 4, 1, 1, 14, 'OS-14-15 INAI', '<p>Nombre comercial del proveedor: http://www.animalpolitico.com</p>\n\n<p>Promedio de alcance &nbsp;</p>', '<p>Art. 17 del Presupuesto de Egresos de la Federaci&oacute;n para el Ejercicio Fiscal 2015</p>', '2015-10-01', NULL, '2016-09-20', 'Dirección General de Comunicación Social y Difusión', 2016, '2016-09-20', NULL, 1),
	(135, 2, 1, 1, 1, 4, 1, 1, 4, 'OS-15-15 INAI', '<p>Nombre comercial del proveedor: http://www.eluniversal.com.mx</p>\n\n<p>Promedio de alcance &nbsp;</p>', '<p>Art. 17 del Presupuesto de Egresos de la Federaci&oacute;n para el Ejercicio Fiscal 2015</p>', '2015-11-14', NULL, '2016-09-20', 'Dirección General de Comunicación Social y Difusión', 2016, '2016-09-20', NULL, 1),
	(136, 2, 86, 1, 1, 4, 1, 1, 3, 'OS-16-15 INAI', '<p>Nombre comercial del proveedor:&nbsp;http://www.sdpnoticias.com</p>\n\n<p>Promedio de alcance &nbsp;</p>', '<p>Art. 17 del Presupuesto de Egresos de la Federaci&oacute;n para el Ejercicio Fiscal 2015</p>', '2015-11-17', NULL, '2016-09-20', 'Dirección General de Comunicación Social y Difusión', 2016, '2016-09-20', NULL, 1),
	(137, 2, 55, 1, 1, 3, 1, 1, 16, 'OS-17-15 INAI', '<p>Nombre comercial del proveedor: XSN Group</p>\n\n<p>Disponibilidad del Servicio</p>', '<p>Art. 17 del Presupuesto de Egresos de la Federaci&oacute;n para el Ejercicio Fiscal 2015</p>', '2015-09-02', NULL, '2016-09-20', 'Dirección General de Comunicación Social y Difusión', 2016, '2016-09-20', NULL, 1),
	(138, 2, 55, 1, 1, 4, 1, 1, 16, 'OS-18-15 INAI', '<p>Nombre comercial del proveedor:&nbsp;XSN Group</p>\n\n<p>Disponibilidad del Servicio</p>', '<p>Art. 17 del Presupuesto de Egresos de la Federaci&oacute;n para el Ejercicio Fiscal 2015</p>', '2015-10-07', NULL, '2016-09-20', 'Dirección General de Comunicación Social y Difusión', 2016, '2016-09-20', NULL, 1),
	(139, 2, 55, 1, 1, 1, 1, 1, 9, 'OS-19-15 INAI', '<p>Nombre comercial del proveedor: XSN Group</p>\n\n<p>Disponibilidad del Servicio</p>', '<p>Art. 17 del Presupuesto de Egresos de la Federaci&oacute;n para el Ejercicio Fiscal 2015</p>', '2015-03-12', NULL, '2016-09-20', 'Dirección General de Comunicación Social y Difusión', 2016, '2016-09-20', NULL, 1),
	(140, 2, 55, 1, 1, 2, 1, 1, 9, 'OS-20-15 INAI', '<p>Nombre comercial del proveedor: XSN Group</p>\n\n<p>Disponibilidad del Servicio</p>', '<p>Art. 17 del Presupuesto de Egresos de la Federaci&oacute;n para el Ejercicio Fiscal 2015</p>', '2015-06-09', NULL, '2016-09-20', 'Dirección General de Comunicación Social y Difusión', 2016, '2016-09-20', NULL, 1),
	(141, 2, 55, 1, 1, 4, 1, 1, 9, 'OS-21-15 INAI', '<p>Nombre comercial del proveedor: XSN Group</p>\n\n<p>Disponibilidad del Servicio</p>', '<p>Art. 17 del Presupuesto de Egresos de la Federaci&oacute;n para el Ejercicio Fiscal 2015</p>', '2015-10-26', NULL, '2016-09-20', 'Dirección General de Comunicación Social y Difusión', 2016, '2016-09-20', NULL, 1),
	(142, 2, 55, 1, 1, 4, 1, 1, 9, 'OS-22-15 INAI', '<p>Nombre comercial del proveedor: XSN Group</p>\n\n<p>Disponibilidad del Servicio</p>', '<p>Art. 17 del Presupuesto de Egresos de la Federaci&oacute;n para el Ejercicio Fiscal 2015</p>', '2015-11-09', NULL, '2016-09-20', 'Dirección General de Comunicación Social y Difusión', 2016, '2016-09-20', NULL, 1),
	(143, 2, 55, 1, 1, 4, 1, 1, 9, 'OS-23-15 INAI', '<p>Nombre comercial del proveedor: XSN Group</p>\n\n<p>Disponibilidad del Servicio</p>', '<p>Art. 17 del Presupuesto de Egresos de la Federaci&oacute;n para el Ejercicio Fiscal 2015</p>', '2015-11-24', NULL, '2016-09-20', 'Dirección General de Comunicación Social y Difusión', 2016, '2016-09-20', NULL, 1),
	(144, 2, 55, 1, 1, 4, 1, 1, 16, 'OS-24-15 INAI', '<p>Nombre comercial del proveedor: XSN Group</p>\n\n<p>Disponibilidad del Servicio</p>', '<p>Art. 17 del Presupuesto de Egresos de la Federaci&oacute;n para el Ejercicio Fiscal 2015</p>', '2015-11-05', NULL, '2016-09-20', 'Dirección General de Comunicación Social y Difusión', 2016, '2016-09-20', NULL, 1),
	(145, 2, 55, 1, 1, 4, 1, 1, 9, 'OS-34-15 INAI', '<p>Nombre comercial del proveedor: XSN Group&nbsp;</p>\n\n<p>Disponibilidad del Servicio</p>', '<p>Art. 17 del Presupuesto de Egresos de la Federaci&oacute;n para el Ejercicio Fiscal 2015</p>', '2015-12-02', NULL, '2016-09-20', 'Dirección General de Comunicación Social y Difusión', 2016, '2016-09-20', NULL, 1),
	(146, 2, 55, 1, 1, 4, 1, 1, 16, 'OS-35-15 INAI', '<p>Nombre comercial del proveedor: XSN Group</p>\n\n<p>Disponibilidad del Servicio</p>', '<p>Art. 17 del Presupuesto de Egresos de la Federaci&oacute;n para el Ejercicio Fiscal 2015</p>', '2015-12-02', NULL, '2016-09-20', 'Dirección General de Comunicación Social y Difusión', 2016, '2016-09-20', NULL, 1),
	(147, 2, 92, 1, 1, 4, 1, 1, 12, 'OS-36-15 INAI', '<p>Nombre comercial del proveedor:&nbsp;La silla rota</p>\n\n<p>Promedio de alcance &nbsp;</p>', '<p>Art. 17 del Presupuesto de Egresos de la Federaci&oacute;n para el Ejercicio Fiscal 2015</p>', '2015-12-11', NULL, '2016-09-20', 'Dirección General de Comunicación Social y Difusión', 2016, '2016-09-20', NULL, 1),
	(148, 2, 86, 1, 1, 4, 1, 1, 12, 'OS-37-15 INAI', '<p>Nombre comercial del proveedor: http://www.sdpnoticias.com</p>\n\n<p>Promedio de alcance &nbsp;</p>', '<p>Art. 17 del Presupuesto de Egresos de la Federaci&oacute;n para el Ejercicio Fiscal 2015</p>', '2015-12-11', NULL, '2016-09-20', 'Dirección General de Comunicación Social y Difusión', 2016, '2016-09-20', NULL, 1),
	(149, 2, 1, 1, 1, 4, 1, 1, 12, 'OS-38-15 INAI', '<p>Nombre comercial del proveedor:&nbsp;http://www.eluniversal.com.mx</p>\n\n<p>Promedio de alcance &nbsp;</p>', '<p>Art. 17 del Presupuesto de Egresos de la Federaci&oacute;n para el Ejercicio Fiscal 2015</p>', '2015-12-11', NULL, '2016-09-20', 'Dirección General de Comunicación Social y Difusión', 2016, '2016-09-20', NULL, 1),
	(150, 2, 88, 1, 1, 4, 1, 1, 12, 'OS-39-15 INAI', '<p>Nombre comercial del proveedor: http://www.animalpolitico.com</p>\n\n<p>Promedio de alcance &nbsp;</p>', '<p>Art. 17 del Presupuesto de Egresos de la Federaci&oacute;n para el Ejercicio Fiscal 2015</p>', '2015-12-11', NULL, '2016-09-20', 'Dirección General de Comunicación Social y Difusión', 2016, '2016-09-20', NULL, 1),
	(151, 2, 89, 1, 1, 4, 1, 1, 12, 'OS-40-15 INAI', '<p>Nombre comercial del proveedor:&nbsp;http://sinembargo.mx</p>\n\n<p>Promedio de alcance &nbsp;</p>', '<p>Art. 17 del Presupuesto de Egresos de la Federaci&oacute;n para el Ejercicio Fiscal 2015</p>', '2015-12-11', NULL, '2016-09-20', 'Dirección General de Comunicación Social y Difusión', 2016, '2016-09-20', NULL, 1),
	(152, 2, 91, 1, 1, 4, 1, 1, 12, 'OS-41-15 INAI', '<p>Nombre comercial del proveedor:&nbsp;http://noticracia.com</p>\n\n<p>Promedio de alcance<br />\n<br />\n&nbsp;</p>', '<p>Art. 17 del Presupuesto de Egresos de la Federaci&oacute;n para el Ejercicio Fiscal 2015</p>', '2015-12-11', NULL, '2016-09-20', 'Dirección General de Comunicación Social y Difusión', 2016, '2016-09-20', NULL, 1),
	(153, 2, 89, 1, 1, 4, 1, 1, 12, 'OS-42-15 INAI', '<p>Nombre comercial del proveedor: http://ww.entresemana.mx</p>\n\n<p>Promedio de alcance &nbsp;</p>', '<p>Art. 17 del Presupuesto de Egresos de la Federaci&oacute;n para el Ejercicio Fiscal 2015</p>', '2015-12-12', NULL, '2016-09-20', 'Dirección General de Comunicación Social y Difusión', 2016, '2016-09-20', NULL, 1),
	(154, 2, 55, 1, 1, 4, 1, 1, 16, 'OS-43-15 INAI', '<p>Nombre comercial del proveedor: XSN Group</p>\n\n<p>Disponibilidad del Servicio</p>', '<p>Art. 17 del Presupuesto de Egresos de la Federaci&oacute;n para el Ejercicio Fiscal 2015</p>', '2015-12-02', NULL, '2016-09-20', 'Dirección General de Comunicación Social y Difusión', 2016, '2016-09-20', NULL, 1),
	(155, 2, 55, 1, 1, 4, 1, 1, 16, 'OS-44-15 INAI', '<p>Nombre &nbsp;comercial del proveedor:&nbsp;XSN Group</p>\n\n<p>Disponibilidad del Servicio</p>', '<p>Art. 17 del Presupuesto de Egresos de la Federaci&oacute;n para el Ejercicio Fiscal 2015</p>', '2015-12-17', NULL, '2016-09-20', 'Dirección General de Comunicación Social y Difusión', 2016, '2016-09-20', NULL, 1),
	(156, 2, 7, 1, 1, 4, 1, 1, 12, 'OI-39-15 INAI', '<p>Nombre comercial del proveedor:&nbsp;El Bravo</p>\n\n<p>Promedio de circulaci&oacute;n, &aacute;mbito geogr&aacute;fico de cobertura, perfil del lector&nbsp;</p>', '<p>Art. 17 del Presupuesto de Egresos de la Federaci&oacute;n para el Ejercicio Fiscal 2015</p>', '2015-12-02', NULL, '2016-09-20', 'Dirección General de Comunicación Social y Difusión', 2016, '2016-09-20', NULL, 1),
	(161, 2, 79, 1, 1, 4, 1, 1, 12, 'Gasto directo - Grupo Libélula', '<p>Nombre comercial del proveedor: CNK; Cobertura: NA; &nbsp;&Aacute;mbito geogr&aacute;fico de cobertura: NA; Fecha de inicio: ; Fecha de t&eacute;rmino: ; Grupo(s) de edad: 0; Lugar de residencia: 0; Nivel &nbsp;sociecon&oacute;mico: 0; Nivel educativo: 0; Sexo: 0;</p>', '<p>Art. 42 p&aacute;rrafo s&eacute;ptimo del Reglametno de Adquisiciones Arrendamientos y Servicios del Instituto</p>', '2015-11-30', NULL, '2016-09-20', 'Dirección General de Comunicación Social y Difusión', 2016, '2016-09-21', NULL, 1),
	(162, 2, 22, 1, 1, 4, 1, 1, 12, 'Gasto directo - CNK', '<p>CNK; Cobertura: NA; &nbsp;&Aacute;mbito geogr&aacute;fico de cobertura: NA; Fecha de inicio: ; Fecha de t&eacute;rmino: ; Grupo(s) de edad: 0; Lugar de residencia: 0; Nivel &nbsp;sociecon&oacute;mico: 0; Nivel educativo: 0; Sexo: 0;</p>', '<p>Art. 42 p&aacute;rrafo s&eacute;ptimo del Reglametno de Adquisiciones Arrendamientos y Servicios del Instituto</p>', '2015-11-30', NULL, '2016-09-20', 'Dirección General de Comunicación Social y Difusión', 2016, '2016-09-20', NULL, 1);
/*!40000 ALTER TABLE `tab_ordenes_compra` ENABLE KEYS */;

-- Volcando datos para la tabla rusiainf_inai.tab_presupuestos: ~2 rows (aproximadamente)
/*!40000 ALTER TABLE `tab_presupuestos` DISABLE KEYS */;
INSERT INTO `tab_presupuestos` (`id_presupuesto`, `id_ejercicio`, `id_sujeto_obligado`, `denominacion`, `fecha_publicacion`, `file_programa_anual`, `fecha_validacion`, `area_responsable`, `anio`, `fecha_actualizacion`, `nota`, `active`) VALUES
	(1, 1, 1, '<p>DENOMINACI&Oacute;N DEL DOCUMENTO PRUEBA</p>', '2016-10-01', NULL, '2016-10-05', 'DGCSD', 2016, '2016-10-01', '<p>NOTA PRUEBA</p>', 1);
/*!40000 ALTER TABLE `tab_presupuestos` ENABLE KEYS */;

-- Volcando datos para la tabla rusiainf_inai.tab_presupuestos_desglose: ~2 rows (aproximadamente)
/*!40000 ALTER TABLE `tab_presupuestos_desglose` DISABLE KEYS */;
INSERT INTO `tab_presupuestos_desglose` (`id_presupuesto_desglose`, `id_presupuesto`, `id_presupuesto_concepto`, `monto_presupuesto`, `monto_modificacion`, `fecha_validacion`, `area_responsable`, `periodo`, `fecha_actualizacion`, `nota`, `denominacion`, `fecha_publicacion`, `active`) VALUES
	(1, 1, 4, 3435433.00, 1858021.03, '2016-09-20', 'Dirección General de Comunicación Social y Difusión', 2016, '2016-09-20', '<p>nota</p>', 'denominacion', '2016-10-19', 1),
	(3, 1, 7, 27386000.00, -3107541.63, '2016-09-20', 'Dirección General de Comunicación Social y Difusión', 2016, '2016-09-20', NULL, NULL, NULL, 1);
/*!40000 ALTER TABLE `tab_presupuestos_desglose` ENABLE KEYS */;

-- Volcando datos para la tabla rusiainf_inai.tab_proveedores: ~84 rows (aproximadamente)
/*!40000 ALTER TABLE `tab_proveedores` DISABLE KEYS */;
INSERT INTO `tab_proveedores` (`id_proveedor`, `id_personalidad_juridica`, `nombre_razon_social`, `nombre_comercial`, `rfc`, `primer_apellido`, `segundo_apellido`, `nombres`, `fecha_validacion`, `area_responsable`, `periodo`, `fecha_actualizacion`, `nota`, `active`) VALUES
	(1, 2, 'El Universal Compañía Periodística Nacional, S.A. de C.V.', 'El Universal / http://www.eluniversal.com.mx', 'UPN830920KC4', NULL, NULL, NULL, '2016-09-20', 'Dirección General de Comunicación Social y Difusión', 2016, '2016-11-15', NULL, 1),
	(2, 2, 'DEMOS, Desarrollo de Medios, S.A. de C.V.', 'La Jornada', 'DDM840626PM2', NULL, NULL, NULL, '2016-09-20', 'Dirección General de Comunicación Social y Difusión', 2016, '2016-11-15', NULL, 1),
	(4, 2, 'La Crónica Diaria, S.A. de C.V.', 'La Crónica', 'CDI070111F89', NULL, NULL, NULL, '2016-09-20', 'Dirección General de Comunicación Social y Difusión', 2016, '2016-09-20', NULL, 1),
	(5, 2, 'Milenio Diario, S.A. de C.V.', 'Milenio Diario', 'MDI991214A74', NULL, NULL, NULL, '2016-09-20', 'Dirección General de Comunicación Social y Difusión', 2016, '2016-09-20', NULL, 1),
	(6, 2, 'Publicaciones Metropolitanas, S.A. de C.V.', 'Publimetro', 'PME051206NG5', NULL, NULL, NULL, '2016-09-20', 'Dirección General de Comunicación Social y Difusión', 2016, '2016-09-20', NULL, 1),
	(7, 2, 'Compañía Periodística el Bravo, S.A. de C.V.', 'El Bravo', 'PBR501025RR3', NULL, NULL, NULL, '2016-09-20', 'Dirección General de Comunicación Social y Difusión', 2016, '2016-09-20', NULL, 1),
	(8, 2, 'Comercial Bermam, S. de R.L. de C.V.', 'El Dictamen', 'CBE970805KX2', NULL, NULL, NULL, '2016-09-20', 'Dirección General de Comunicación Social y Difusión', 2016, '2016-09-20', NULL, 1),
	(9, 2, 'Compañía Editorial Alpesor, S. de R.L.', 'Meridiano de Nayarit', 'EAL890921392', NULL, NULL, NULL, '2016-09-20', 'Dirección General de Comunicación Social y Difusión', 2016, '2016-09-20', NULL, 1),
	(10, 2, 'Compañía Periodística del Panuco, S.A. de C.V.', 'La Razón', 'PPA040109JWA', NULL, NULL, NULL, '2016-09-20', 'Dirección General de Comunicación Social y Difusión', 2016, '2016-09-20', NULL, 1),
	(11, 2, 'Compañía Periodística del Sol del Estado de México, S.A. de C.V.', 'El Sol de Toluca', 'PSA7906135L6', NULL, NULL, NULL, '2016-09-20', 'Dirección General de Comunicación Social y Difusión', 2016, '2016-09-20', NULL, 1),
	(12, 2, 'Compañía Periodística Sudcaliforniana, S.A. de C.V.', 'Tribuna de los Cabos', 'PSU010424NIA', NULL, NULL, NULL, '2016-09-20', 'Dirección General de Comunicación Social y Difusión', 2016, '2016-09-20', NULL, 1),
	(13, 2, 'Editorial de Monterrey, S. A.', 'ABC de Monterrey', 'EMO801210A56', NULL, NULL, NULL, '2016-09-20', 'Dirección General de Comunicación Social y Difusión', 2016, '2016-09-20', NULL, 1),
	(14, 2, 'Airfactory, S.A. de C.V.', 'Airfactory', 'AIR101004AU7', NULL, NULL, NULL, '2016-09-20', 'Dirección General de Comunicación Social y Difusión', 2016, '2016-09-20', NULL, 1),
	(15, 2, 'Alpha Post, S.A. de C.V.', 'Alpha Post', 'APO070216I26', NULL, NULL, NULL, '2016-09-20', 'Dirección General de Comunicación Social y Difusión', 2016, '2016-09-20', NULL, 1),
	(16, 2, 'Publicidad Efectiva de León, S.A. de C.V.', 'AM de Guanajuato / AM El Periódico de los Lagos / Periódico Libre de Celaya / AM de Irapuato', 'PEL010202B54', NULL, NULL, NULL, '2016-09-20', 'Dirección General de Comunicación Social y Difusión', 2016, '2016-09-20', NULL, 1),
	(19, 1, 'Guadalupe Ximena Mora Quitana', 'Auch TV', 'MOQG7912132U5', 'Mora', 'Quintana', 'Guadalupe Ximena', '2016-09-20', 'Dirección General de Comunicación Social y Difusión', 2016, '2016-09-20', NULL, 1),
	(20, 2, 'Rack Star, S.A. de C.V.', 'Cinemex', 'RST050531L66', NULL, NULL, NULL, '2016-09-20', 'Dirección General de Comunicación Social y Difusión', 2016, '2016-09-20', NULL, 1),
	(21, 2, 'Comercializadora Publicitaria Tik, S.A. de C.V.', 'Cinepolis', 'CPT1409023G9', NULL, NULL, NULL, '2016-09-20', 'Dirección General de Comunicación Social y Difusión', 2016, '2016-09-20', NULL, 1),
	(22, 2, 'CNK Post, S.A. de C.V.', 'CNK', 'CPO1208289KA', NULL, NULL, NULL, '2016-09-20', 'Dirección General de Comunicación Social y Difusión', 2016, '2016-09-20', NULL, 1),
	(23, 2, 'Editorial Zeuqram, S.A. de C.V.', 'Criterio la Verdad Impresa', 'EZE0310226Z7', NULL, NULL, NULL, '2016-09-20', 'Dirección General de Comunicación Social y Difusión', 2016, '2016-09-20', NULL, 1),
	(24, 2, 'Medios Informativos de Campeche, S.A. de C.V.', 'Crónica de Campeche', 'MIC031022RI0', NULL, NULL, NULL, '2016-09-20', 'Dirección General de Comunicación Social y Difusión', 2016, '2016-09-20', NULL, 1),
	(25, 2, 'Novedades de Mérida, S.A. de C.V.', 'De Peso / Milenio Novedades', 'NME7911063B0', NULL, NULL, NULL, '2016-09-20', 'Dirección General de Comunicación Social y Difusión', 2016, '2016-09-20', NULL, 1),
	(26, 2, 'Publicaciones del Chuviscar, S.A. de C.V.', 'Diario de Chihuahua', 'PCU0004273H2', NULL, NULL, NULL, '2016-09-20', 'Dirección General de Comunicación Social y Difusión', 2016, '2016-09-20', NULL, 1),
	(27, 2, 'Pucoma, S.C.', 'Diario de Colima', 'PUC1412174J0', NULL, NULL, NULL, '2016-09-20', 'Dirección General de Comunicación Social y Difusión', 2016, '2016-09-20', NULL, 1),
	(28, 2, 'Publicaciones e Impresos Paso del Norte, S. de R.L. de C.V.', 'Diario de Juárez', 'PEI101215GB4', NULL, NULL, NULL, '2016-09-20', 'Dirección General de Comunicación Social y Difusión', 2016, '2016-09-20', NULL, 1),
	(29, 2, 'Editoriales de Morelos, S. A. de C.V.', 'Diario de Morelos', 'EMO950208EQ6', NULL, NULL, NULL, '2016-09-20', 'Dirección General de Comunicación Social y Difusión', 2016, '2016-09-20', NULL, 1),
	(30, 2, 'Compañía Tipográfica Yucateca, S.A. de C.V.', 'Diario de Yucatán', 'TYU7712304L6', NULL, NULL, NULL, '2016-09-20', 'Dirección General de Comunicación Social y Difusión', 2016, '2016-09-20', NULL, 1),
	(31, 2, 'Editora la Voz del Istmo, S.A. de C.V.', 'Diario del Istmo', 'EVI820308IN0', NULL, NULL, NULL, '2016-09-20', 'Dirección General de Comunicación Social y Difusión', 2016, '2016-09-20', NULL, 1),
	(32, 2, 'Editorial Diario del Yaqui, S.A. de C.V.', 'Diario del Yaqui', 'EDY5505166A7', NULL, NULL, NULL, '2016-09-20', 'Dirección General de Comunicación Social y Difusión', 2016, '2016-09-20', NULL, 1),
	(33, 2, 'El Diario de Chiapas, S.A. de C.V.', 'Diario Expresión de Chiapas', 'DCI060822829', NULL, NULL, NULL, '2016-09-20', 'Dirección General de Comunicación Social y Difusión', 2016, '2016-09-20', NULL, 1),
	(34, 2, 'Organización Editorial del Sureste, S.A. de C.V.', 'Diario IndependienteTribuna', 'OES800908BE8', NULL, NULL, NULL, '2016-09-20', 'Dirección General de Comunicación Social y Difusión', 2016, '2016-09-20', NULL, 1),
	(35, 2, 'Empresas el Debate, S.A. de C.V.', 'El Debate de Culiacán / El Debate de Mazatlan', 'ED000301QT5', NULL, NULL, NULL, '2016-09-20', 'Dirección General de Comunicación Social y Difusión', 2016, '2016-09-20', NULL, 1),
	(36, 2, 'El Debate, S.A. de C.V.', 'El Debate de los Mochis', 'DEB800830RU6', NULL, NULL, NULL, '2016-09-20', 'Dirección General de Comunicación Social y Difusión', 2016, '2016-09-20', NULL, 1),
	(38, 2, 'Operadora y Editora del Bajío, S.A. de C.V.', 'El Diario Grande de Michoacán Provincia', 'OEB070613JX8', NULL, NULL, NULL, '2016-09-20', 'Dirección General de Comunicación Social y Difusión', 2016, '2016-09-20', NULL, 1),
	(39, 2, 'Reparto Van Internacional, S.A. de C.V.', 'El Guardian / Información con Valor Vanguardia', 'RIN910927DR8', NULL, NULL, NULL, '2016-09-20', 'Dirección General de Comunicación Social y Difusión', 2016, '2016-09-20', NULL, 1),
	(40, 2, 'Impreso y Editorial, S.A. de C.V.', 'El Imparcial de Sonora', 'IED551008NR2', NULL, NULL, NULL, '2016-09-20', 'Dirección General de Comunicación Social y Difusión', 2016, '2016-09-20', NULL, 1),
	(41, 2, 'Publicaciones Fernández Pichardo, S.A. de C.V.', 'El Imparcial del Istmo / El Imparcial, El Mejor Diario de Oaxaca', 'PFP8705052W6', NULL, NULL, NULL, '2016-09-20', 'Dirección General de Comunicación Social y Difusión', 2016, '2016-09-20', NULL, 1),
	(43, 2, 'Unión Editorialista, S.A. de C.V.', 'El Informador', 'UED031111B80', NULL, NULL, NULL, '2016-09-20', 'Dirección General de Comunicación Social y Difusión', 2016, '2016-09-20', NULL, 1),
	(44, 2, 'Servicios Publicitarios Valcle, S.A. de C.V', 'El Mexicano Gran Diario Regional / La Segunda', 'SPV130114FF3', NULL, NULL, NULL, '2016-09-20', 'Dirección General de Comunicación Social y Difusión', 2016, '2016-09-20', NULL, 1),
	(45, 2, 'Sociedad Editora Arroniz, S.A. de C.V.', 'El Mundo de Tehuacan / El Mundo de Córdova', 'SEA730407565', NULL, NULL, NULL, '2016-09-20', 'Dirección General de Comunicación Social y Difusión', 2016, '2016-09-20', NULL, 1),
	(47, 2, 'Ediciones del Norte, S.A. de C.V.', 'El Norte / Reforma', 'ENO851126RC0', NULL, NULL, NULL, '2016-09-20', 'Dirección General de Comunicación Social y Difusión', 2016, '2016-09-20', NULL, 1),
	(48, 2, 'Editora Zamora Cruz, S.A. de C.V.', 'El Orbe', 'EZC890509JV0', NULL, NULL, NULL, '2016-09-20', 'Dirección General de Comunicación Social y Difusión', 2016, '2016-09-20', NULL, 1),
	(49, 2, 'Publicaciones y Publicidad del Sur, S. de R.L. de C.V.', 'El Popular', 'PPS0904013W7', NULL, NULL, NULL, '2016-09-20', 'Dirección General de Comunicación Social y Difusión', 2016, '2016-09-20', NULL, 1),
	(50, 2, 'Sistema Informativo de Tabasco, S.A. de C.V.', 'El Presente Diario del Sureste', 'SIT01059694', NULL, NULL, NULL, '2016-09-20', 'Dirección General de Comunicación Social y Difusión', 2016, '2016-09-20', NULL, 1),
	(51, 2, 'Editorial Mival, S.A. de C.V.', 'El Pulso de San Luis Potosí', 'EMI870826B84', NULL, NULL, NULL, '2016-09-20', 'Dirección General de Comunicación Social y Difusión', 2016, '2016-09-20', NULL, 1),
	(52, 2, 'Organización Editorial Mexicana, S.A. de C.V.', 'El Sol de Puebla / El Sol de Zacatecas / El Sol de Morelia / El Sol de Tijuana / Heraldo de Chihuahua', 'OEM800129UU7', NULL, NULL, NULL, '2016-09-20', 'Dirección General de Comunicación Social y Difusión', 2016, '2016-09-20', NULL, 1),
	(55, 2, 'X-Stream Networks, S.A. de C.V.', 'XSN Group', 'XGS040524SL1', NULL, NULL, NULL, '2016-09-20', 'Dirección General de Comunicación Social y Difusión', 2016, '2016-09-20', NULL, 1),
	(56, 2, 'Victoria Editores, S.A. de C.V.', 'Victoria de Durango', 'VED0102092U3', NULL, NULL, NULL, '2016-09-20', 'Dirección General de Comunicación Social y Difusión', 2016, '2016-09-20', NULL, 1),
	(57, 2, 'IMM Internet Media México, S. de R.L. de C.V.', 'Twitter', 'IIM100219CQ9', NULL, NULL, NULL, '2016-09-20', 'Dirección General de Comunicación Social y Difusión', 2016, '2016-09-20', NULL, 1),
	(58, 2, 'Ilumina Medios, S.A. de C.V.', 'Tren Suburbano', 'IME130820H86', NULL, NULL, NULL, '2016-09-20', 'Dirección General de Comunicación Social y Difusión', 2016, '2016-09-20', NULL, 1),
	(59, 2, 'Sistema Público de Radiodifusión del Estado Méxicano', 'SPR', 'OPM100331UG5', NULL, NULL, NULL, '2016-09-20', 'Dirección General de Comunicación Social y Difusión', 2016, '2016-09-20', NULL, 1),
	(60, 2, 'Proyectos Alternativos de Comunicación, S.A. de C.V.', 'Revista Zócalo', 'PAC000704N72', NULL, NULL, NULL, '2016-09-20', 'Dirección General de Comunicación Social y Difusión', 2016, '2016-09-20', NULL, 1),
	(61, 2, 'Editorial Televisa, S.A. de C.V.', 'Revista TV y Novelas', 'ETE950324R23', NULL, NULL, NULL, '2016-09-20', 'Dirección General de Comunicación Social y Difusión', 2016, '2016-09-20', NULL, 1),
	(62, 2, 'Notmusa, S.A. de C.V.', 'Revista TV Notas', 'NOT011226T29', NULL, NULL, NULL, '2016-09-20', 'Dirección General de Comunicación Social y Difusión', 2016, '2016-09-20', NULL, 1),
	(63, 2, 'Editorial Cruzada, S.A. de C.V.', 'Revista Siempre', 'ECR060816SQ4', NULL, NULL, NULL, '2016-09-20', 'Dirección General de Comunicación Social y Difusión', 2016, '2016-09-20', NULL, 1),
	(64, 2, 'Comunicación e Información, S.A. de C.V.', 'Revista Proceso', 'CIN7609098V0', NULL, NULL, NULL, '2016-09-20', 'Dirección General de Comunicación Social y Difusión', 2016, '2016-09-20', NULL, 1),
	(65, 2, 'Talento e Inteligencia en Medios, S.A. de C.V.', 'Revista Emeequis', 'TEI130327NH8', NULL, NULL, NULL, '2016-09-20', 'Dirección General de Comunicación Social y Difusión', 2016, '2016-09-20', NULL, 1),
	(66, 2, 'Grupo Editorial Vixin, S.A. de C.V.', 'Revista el Contribuyente', 'GEV150124QT6', NULL, NULL, NULL, '2016-09-20', 'Dirección General de Comunicación Social y Difusión', 2016, '2016-09-20', NULL, 1),
	(67, 2, 'Revista el Abogado, S.A. de C.V.', 'Revista del Abogado', 'RAB9712036T4', NULL, NULL, NULL, '2016-09-20', 'Dirección General de Comunicación Social y Difusión', 2016, '2016-09-20', NULL, 1),
	(68, 2, 'Mac Ediciones y Publicaciones, S.A. de C.V.', 'Revista Cambio', 'EPU9812212U5', NULL, NULL, NULL, '2016-09-20', 'Dirección General de Comunicación Social y Difusión', 2016, '2016-09-20', NULL, 1),
	(69, 2, 'Paradin de México, S.A. de C.V.', 'Revista Vértigo', 'PME081113K45', NULL, NULL, NULL, '2016-09-20', 'Dirección General de Comunicación Social y Difusión', 2016, '2016-09-20', NULL, 1),
	(71, 2, 'Periódicos Nuevo Día, S.A. de C.V.', 'Nuevo Día de Nogales', 'PND020511AV6', NULL, NULL, NULL, '2016-09-20', 'Dirección General de Comunicación Social y Difusión', 2016, '2016-09-20', NULL, 1),
	(72, 2, 'Novedades de Quintana Roo, S.A. de C.V', 'Novedades de Quintana Roo', 'NQR811130HN1', NULL, NULL, NULL, '2016-09-20', 'Dirección General de Comunicación Social y Difusión', 2016, '2016-09-20', NULL, 1),
	(73, 2, 'Editora Regional de Noticias, S. de R.L. de C.V.', 'Noticias Diario Binacional Sin Fronteras', 'ERN0411105PA', NULL, NULL, NULL, '2016-09-20', 'Dirección General de Comunicación Social y Difusión', 2016, '2016-09-20', NULL, 1),
	(75, 2, '5M2Andenes, S.A.P.I. de C.V.', 'Metrobús', 'MAN0710026M3', NULL, NULL, NULL, '2016-09-20', 'Dirección General de Comunicación Social y Difusión', 2016, '2016-09-20', NULL, 1),
	(76, 2, 'Sociedad Cooperativa de Producción Editora el Mercurio, S. C. L.', 'Mercurio de Tamaulipas', 'PEM760204IZ9', NULL, NULL, NULL, '2016-09-20', 'Dirección General de Comunicación Social y Difusión', 2016, '2016-09-20', NULL, 1),
	(77, 2, 'Editora Hora Cero, S.A. de C.V.', 'Media Hora', 'EHC050218RR3', NULL, NULL, NULL, '2016-09-20', 'Dirección General de Comunicación Social y Difusión', 2016, '2016-09-20', NULL, 1),
	(78, 1, 'Guillermo Aguirre Torres', 'Matutino Gráfico', 'AUTG560430C30', 'Aguirre', 'Torres', 'Guillermo', '2016-09-20', 'Dirección General de Comunicación Social y Difusión', 2016, '2016-09-20', NULL, 1),
	(79, 2, 'Grupo Creativo Libélula, S.A. de C.V.', 'Libélula', 'GCL0803278C5', NULL, NULL, NULL, '2016-09-20', 'Dirección General de Comunicación Social y Difusión', 2016, '2016-09-20', NULL, 1),
	(80, 2, 'La Voz de Michoacán, S.A. de C.V.', 'La Voz de Michoacán', 'BMI600516JE7', NULL, NULL, NULL, '2016-09-20', 'Dirección General de Comunicación Social y Difusión', 2016, '2016-09-20', NULL, 1),
	(82, 2, 'Periódico Ruta, S.A. de C.V.', 'La Ruta', 'PRU000202GI3', NULL, NULL, NULL, '2016-09-20', 'Dirección General de Comunicación Social y Difusión', 2016, '2016-09-20', NULL, 1),
	(83, 2, 'Editorial Gibb, S.A. de C.V.', 'La Opinión de Poza Rica', 'EGI670828GP4', NULL, NULL, NULL, '2016-09-20', 'Dirección General de Comunicación Social y Difusión', 2016, '2016-09-20', NULL, 1),
	(84, 2, 'Ipsos, S.A. de C.V.', 'Ipsos', 'BIM850201QI0', NULL, NULL, NULL, '2016-09-20', 'Dirección General de Comunicación Social y Difusión', 2016, '2016-09-20', NULL, 1),
	(86, 2, 'Periódico Digital Sendero, S.A. de C.V.', 'http://www.sdpnoticias.com', 'PDS080402H29', NULL, NULL, NULL, '2016-09-20', 'Dirección General de Comunicación Social y Difusión', 2016, '2016-09-20', NULL, 1),
	(88, 2, 'Editorial Animal, S. de R.L. de C.V.', 'http://www.animalpolitico.com', 'EAN100408JX9', NULL, NULL, NULL, '2016-09-20', 'Dirección General de Comunicación Social y Difusión', 2016, '2016-09-20', NULL, 1),
	(89, 1, 'Moisés Sánchez Limón', 'http://ww.entresemana.mx / http://sinembargo.mx', 'SALM541023EM4', 'Sánchez', 'Limón', 'Moisés', '2016-09-20', 'Dirección General de Comunicación Social y Difusión', 2016, '2016-09-20', NULL, 1),
	(91, 2, 'Periódico la Extra, S.A. de C.V.', 'http://noticracia.com', 'PEX860211TE5', NULL, NULL, NULL, '2016-09-20', 'Dirección General de Comunicación Social y Difusión', 2016, '2016-09-20', NULL, 1),
	(92, 2, 'Publicaciones Comunitarias, S.A. de C.V.', 'http://lasillarota.com', 'PCO080603JS6', NULL, NULL, NULL, '2016-09-20', 'Dirección General de Comunicación Social y Difusión', 2016, '2016-09-20', NULL, 1),
	(93, 2, 'Empresa Editorial de Aguascalientes, S.A. de C.V.', 'Hidrocálido La Verdad por Delante', 'EEA840201QI4', NULL, NULL, NULL, '2016-09-20', 'Dirección General de Comunicación Social y Difusión', 2016, '2016-09-20', NULL, 1),
	(95, 2, 'Grupo de Medios 5A, S.A. de C.V.', 'Grupo de Medios', 'GMA101210SI6', NULL, NULL, NULL, '2016-09-20', 'Dirección General de Comunicación Social y Difusión', 2016, '2016-09-20', NULL, 1),
	(96, 2, 'Google Operaciones de México, S. de R.L. de C.V.', 'Google', 'GOM0809114P5', NULL, NULL, NULL, '2016-09-20', 'Dirección General de Comunicación Social y Difusión', 2016, '2016-09-20', NULL, 1),
	(97, 2, 'Medios y Editorial de Sonora, S.A. de C.V.', 'Expreso Más Personal', 'MES041022A51', NULL, NULL, NULL, '2016-09-20', 'Dirección General de Comunicación Social y Difusión', 2016, '2016-09-20', NULL, 1);
/*!40000 ALTER TABLE `tab_proveedores` ENABLE KEYS */;

-- Volcando datos para la tabla rusiainf_inai.tab_servicios: ~0 rows (aproximadamente)
/*!40000 ALTER TABLE `tab_servicios` DISABLE KEYS */;
INSERT INTO `tab_servicios` (`id_servicio`, `id_servicio_clasificacion`, `id_servicio_categoria`, `id_servicio_subcategoria`, `id_servicio_unidad`, `nombre_servicio`, `active`) VALUES
	(1, 1, 3, 1, 1, 'Comercial en cine 120 Seg.', 1);
/*!40000 ALTER TABLE `tab_servicios` ENABLE KEYS */;

-- Volcando datos para la tabla rusiainf_inai.tab_sujetos_obligados: ~1 rows (aproximadamente)
/*!40000 ALTER TABLE `tab_sujetos_obligados` DISABLE KEYS */;
INSERT INTO `tab_sujetos_obligados` (`id_sujeto_obligado`, `id_so_atribucion`, `id_so_orden_gobierno`, `id_so_estado`, `nombre_sujeto_obligado`, `siglas_sujeto_obligado`, `url_sujeto_obligado`, `active`) VALUES
	(1, 3, 1, 33, 'Instituto Nacional de Transparencia, Acceso a la Información y Protección de Datos Personales', 'INAI', 'http://www.inai.org.mx', 1);



/*!40000 ALTER TABLE `tab_sujetos_obligados` ENABLE KEYS */;
/*!40101 SET SQL_MODE=IFNULL(@OLD_SQL_MODE, '') */;
/*!40014 SET FOREIGN_KEY_CHECKS=IF(@OLD_FOREIGN_KEY_CHECKS IS NULL, 1, @OLD_FOREIGN_KEY_CHECKS) */;
/*!40101 SET CHARACTER_SET_CLIENT=@OLD_CHARACTER_SET_CLIENT */;
