{"nodes":[{"name":"Radio"},{"name":"Televisi\u00f3n"},{"name":"Cine"},{"name":"Medios impresos"},{"name":"Medios complementarios"},{"name":"Internet"},{"name":"Producci\u00f3n de contenidos"},{"name":"An\u00e1lisis, estudios y m\u00e9tricas"},{"name":"Impresiones"},{"name":"Contratos"},{"name":"Ordenes de Compra"},{"name":"Teletorreon S.A. de C.V."},{"name":"Publicidad de Mexicali S.A. de C.V."},{"name":"Televisi\u00f3n estatal S.A. de C.V."},{"name":"Impresos y medios S.A. de C.V."},{"name":"Servicios Netmarketing S.A. de C.V."},{"name":"Universidad de Mexicali S.A. de C.V."}],"links":{"1":{"source":10,"target":16,"value":"100.00"},"2":{"source":10,"target":16,"value":null},"3":{"source":10,"target":16,"value":null},"4":{"source":10,"target":16,"value":null},"5":{"source":10,"target":16,"value":null},"6":{"source":10,"target":16,"value":null}}}