[{"title":"partida","subtitle":"denominacion","ranges":["1000.00"],"measures":["1025.00"],"markers":["15"]}, {"title":"partida","subtitle":"denominacion","ranges":["1000.00"],"measures":["1025.00"],"markers":["15"]}, {"title":"partida","subtitle":"denominacion","ranges":["1000.00"],"measures":["1025.00"],"markers":["15"]}, {"title":"partida","subtitle":"denominacion","ranges":["1000.00"],"measures":["1025.00"],"markers":["15"]}, {"title":"partida","subtitle":"denominacion","ranges":["1000.00"],"measures":["1025.00"],"markers":["15"]}, {"title":"partida","subtitle":"denominacion","ranges":["1000.00"],"measures":["1025.00"],"markers":["15"]}, {"title":"partida","subtitle":"denominacion","ranges":["1000.00"],"measures":["1025.00"],"markers":["15"]}, {"title":"partida","subtitle":"denominacion","ranges":["1000.00"],"measures":["1025.00"],"markers":["15"]}]