ejercicio,resource_type,poverty_level,grade_level,total_donations,funding_status,date_posted,modificacion,ejercido
"2015","Cine","Campaña de comunicación social","362","500.00","Campañas","09/12/2015","0.00","100000.00"
"2015","Cine","Campaña de comunicación social","362","333.00","Campañas","09/12/2015","0.00","100000.00"
"2015","Cine","Campaña de comunicación social","369","100.00","Campañas","10/04/2015","1000.00","25.00"
"2015","Cine","Campaña de comunicación social","369","1484800.00","Campañas","10/04/2015","1000.00","25.00"
"2015","Cine","Campaña de comunicación social","369","100.00","Campañas","10/04/2015","1000.00","-10000.00"
"2015","Cine","Campaña de comunicación social","369","1484800.00","Campañas","10/04/2015","1000.00","-10000.00"
